"Company","Product","Category","Type","Certified","URL"
"ACS Motion Control","SPiiPlusES - High Performance Multi-Axis Controller with Built-in EtherCAT_to_EtherCAT Bridge","SubDevices","Drive Technology","No","https://www.ethercat.org/en/products/D60E239F5F5F4D8F90C88A535D2CBFAA.htm"
"NEXCOM International","AXE-5904","SubDevices","Drive Technology","No","https://www.ethercat.org/en/products/7F4BB1D9AE924649BEF257D9DD378458.htm"
"Physik Instrumente (PI)","E-727.xF","SubDevices","Drive Technology","No","https://www.ethercat.org/en/products/9BC53EB7F47C489A8746A9738C7764EB.htm"
"ABB","E530-EC","SubDevices","Drive Technology - Servo Drives","Yes","https://www.ethercat.org/en/products/3F44BCF1BD9F44229AE73633A291463B.htm"
"ABB","E550-EP","SubDevices","Drive Technology - Servo Drives","Yes","https://www.ethercat.org/en/products/A205163CE9FE4CEEB7D98F1374DE5A48.htm"
"ABB","MicroFlex e150","SubDevices","Drive Technology - Servo Drives","Yes","https://www.ethercat.org/en/products/B68AEF3FCEE645EF847BA9155ECC2B2C.htm"
"ABB","MotiFlex e180","SubDevices","Drive Technology - Servo Drives","Yes","https://www.ethercat.org/en/products/DBC563D98DA44A8EB833D98AA0E07614.htm"
"ACD Antriebstechnik","ACxx050A00S05 - Servo Drive and Stepper","SubDevices","Drive Technology - Servo Drives","No","https://www.ethercat.org/en/products/22E9D910A0044CECAEB2FB1A43101012.htm"
"ACS Motion Control","IDMdx","SubDevices","Drive Technology - Servo Drives","Yes","https://www.ethercat.org/en/products/0D4FB92476B44E74B72718C11E99E53A.htm"
"ACS Motion Control","IDMma","SubDevices","Drive Technology - Servo Drives","Yes","https://www.ethercat.org/en/products/FB96B2526CA34657B65F1ED5121176F5.htm"
"ACS Motion Control","IDMsa","SubDevices","Drive Technology - Servo Drives","Yes","https://www.ethercat.org/en/products/A3BF327BE25F454891284538F0F3CC9C.htm"
"ACS Motion Control","IDMsm","SubDevices","Drive Technology - Servo Drives","Yes","https://www.ethercat.org/en/products/B5F71445BDB143098FCD85396C83060C.htm"
"ACS Motion Control","MC4Udc","SubDevices","Drive Technology - Servo Drives","No","https://www.ethercat.org/en/products/D7885BA30F854D10B11CA8C96BB10F78.htm"
"ACS Motion Control","MDMst","SubDevices","Drive Technology - Servo Drives","No","https://www.ethercat.org/en/products/5472E5FFABC34E28924A575DF89639F5.htm"
"ACS Motion Control","NPApm","SubDevices","Drive Technology - Servo Drives","No","https://www.ethercat.org/en/products/362A50337F924B8C84CBF1E83FBE66BC.htm"
"ACS Motion Control","NPArm","SubDevices","Drive Technology - Servo Drives","No","https://www.ethercat.org/en/products/AE934ED83C144C92A02861B92A1BF1A8.htm"
"ACS Motion Control","NPMpc","SubDevices","Drive Technology - Servo Drives","No","https://www.ethercat.org/en/products/5EE8323F156F4386A32CA19036F45FD7.htm"
"ACS Motion Control","NPMpm","SubDevices","Drive Technology - Servo Drives","No","https://www.ethercat.org/en/products/48F54B06BE4643ED8432889FAA972927.htm"
"ACS Motion Control","UDIhp/lt","SubDevices","Drive Technology - Servo Drives","No","https://www.ethercat.org/en/products/C5881E7AEDEC431FBCAB2BC73665F80A.htm"
"ACS Motion Control","UDMdx","SubDevices","Drive Technology - Servo Drives","No","https://www.ethercat.org/en/products/5BFD65B487124CDB8195B8573C2194D8.htm"
"ACS Motion Control","UDMhv","SubDevices","Drive Technology - Servo Drives","No","https://www.ethercat.org/en/products/51E04185C019431D956AFA8841B23CB2.htm"
"ACS Motion Control","UDMlc","SubDevices","Drive Technology - Servo Drives","No","https://www.ethercat.org/en/products/A7E94427B3DB46FCA08DDF85C2704427.htm"
"ACS Motion Control","UDMma","SubDevices","Drive Technology - Servo Drives","No","https://www.ethercat.org/en/products/EEB0D615B44D4615A874A27DD3F85C5D.htm"
"ACS Motion Control","UDMmc","SubDevices","Drive Technology - Servo Drives","No","https://www.ethercat.org/en/products/2AEBAB8E96C34981804A9ADA78D67436.htm"
"ACS Motion Control","UDMnt","SubDevices","Drive Technology - Servo Drives","No","https://www.ethercat.org/en/products/A3B59A00DECA4AFF8718C0BB5C1B7084.htm"
"ACS Motion Control","UDMpc","SubDevices","Drive Technology - Servo Drives","No","https://www.ethercat.org/en/products/7F4ABD85190C46E384FDF853E20366ED.htm"
"ACS Motion Control","UDMpm","SubDevices","Drive Technology - Servo Drives","No","https://www.ethercat.org/en/products/4C12E3653EDA4A05A29D8EBE1DF48000.htm"
"ACS Motion Control","UDMsa","SubDevices","Drive Technology - Servo Drives","No","https://www.ethercat.org/en/products/6E2B7491564F4829A2A47125B3D7A72B.htm"
"ACS Motion Control","UDMsd","SubDevices","Drive Technology - Servo Drives","No","https://www.ethercat.org/en/products/0BB6E103E84C459582089D134A4928D7.htm"
"ACS Motion Control","UDMsm","SubDevices","Drive Technology - Servo Drives","No","https://www.ethercat.org/en/products/54E87A679CE840E19A80DEB2BD5BD381.htm"
"ADVANCED Motion Controls","DigiFlex Performance DPE Series","SubDevices","Drive Technology - Servo Drives","No","https://www.ethercat.org/en/products/A0EBBA09306747D9B82E8095B8AE5842.htm"
"ADVANCED Motion Controls","DigiFlex Performance DZE & DZS Series","SubDevices","Drive Technology - Servo Drives","No","https://www.ethercat.org/en/products/1CE7B58700404C6EA70932398837B104.htm"
"ADVANCED Motion Controls","DxM and DxI/O Technology","SubDevices","Drive Technology - Servo Drives","No","https://www.ethercat.org/en/products/7169C0B936704D489C277ED47EB91B5B.htm"
"ADVANCED Motion Controls","FlexPro","SubDevices","Drive Technology - Servo Drives","No","https://www.ethercat.org/en/products/36075CF372CF471DA82E54E6CB3B9C39.htm"
"Agito Akribis Systems","AGD101-EC","SubDevices","Drive Technology - Servo Drives","No","https://www.ethercat.org/en/products/1559713BB7E241E6BBB471193C46E9EF.htm"
"Agito Akribis Systems","AGD155 240VAC EtherCAT Servo Drive","SubDevices","Drive Technology - Servo Drives","No","https://www.ethercat.org/en/products/481B4BEB03584095B0AEFF8119F524CE.htm"
"AMK","AMKASMART iC - Decentralized servo inverter","SubDevices","Drive Technology - Servo Drives","No","https://www.ethercat.org/en/products/F9A12288E74243E5B84D2762C85D1A51.htm"
"ANCA Motion","AMD2000 Series D21xx Servo Drives","SubDevices","Drive Technology - Servo Drives","No","https://www.ethercat.org/en/products/6DC7935F421445D9B1BA223B42FCB42F.htm"
"ANCA Motion","AMD5x Series","SubDevices","Drive Technology - Servo Drives","No","https://www.ethercat.org/en/products/97D067864A0B48059495D0E6D837ADAC.htm"
"Baumller Nrnberg","b maXX 6500","SubDevices","Drive Technology - Servo Drives","Yes","https://www.ethercat.org/en/products/9DF4FC7E9A54496D9449C2D988227E10.htm"
"Baumller Nrnberg","b maXX Servo Drive","SubDevices","Drive Technology - Servo Drives","No","https://www.ethercat.org/en/products/724479207FC3425F99E19CEB7DAB5B53.htm"
"BECKHOFF Automation","Compact Drive Technology","SubDevices","Drive Technology - Servo Drives","Yes","https://www.ethercat.org/en/products/61719D4CEA6A4C419211C1EF57008EFE.htm"
"BECKHOFF Automation","Compact Integrated Servo Drive AM8100","SubDevices","Drive Technology - Servo Drives","No","https://www.ethercat.org/en/products/C34F6C8AEC064365A9AF2DBD296248E8.htm"
"BECKHOFF Automation","Digital Compact Servo Drive AX5000","SubDevices","Drive Technology - Servo Drives","Yes","https://www.ethercat.org/en/products/DCCE90E1BB5A4C31B8C9F1614FDE722D.htm"
"BECKHOFF Automation","EtherCAT I/O Product, Compact Drive Technology","SubDevices","Drive Technology - Servo Drives","Yes","https://www.ethercat.org/en/products/E3714468481D4AC5A451C06339DF09AA.htm"
"BECKHOFF Automation","Multi-Axis Servo System AX8000","SubDevices","Drive Technology - Servo Drives","No","https://www.ethercat.org/en/products/4A5A50A3D4764A9EBA61BB48A772FE6F.htm"
"BECKHOFF Automation","XTS","SubDevices","Drive Technology - Servo Drives","No","https://www.ethercat.org/en/products/490E2D57ACF648878552B65679941F10.htm"
"Beijing HollySys Intelligent Technologies","DX50D Series","SubDevices","Drive Technology - Servo Drives","Yes","https://www.ethercat.org/en/products/61641683269E480390EE0C869B7C4DAB.htm"
"Bosch Rexroth","ctrlX DRIVE","SubDevices","Drive Technology - Servo Drives","Yes","https://www.ethercat.org/en/products/70E5F22574344DAB9A4EFB11EB52372B.htm"
"Brunner Elektronik","LC MICRO AC SERVO Drive","SubDevices","Drive Technology - Servo Drives","No","https://www.ethercat.org/en/products/067F4EF5347C4F8C900EC78AB349A1F2.htm"
"Brunner Elektronik","MDS AC SERVO Drive","SubDevices","Drive Technology - Servo Drives","No","https://www.ethercat.org/en/products/F082F4A5442B48619B00358C3242FA34.htm"
"Brunner Elektronik","ULC AC SERVO Drive ","SubDevices","Drive Technology - Servo Drives","No","https://www.ethercat.org/en/products/101E39EED0D14DC093A57023D5AA6A62.htm"
"Bucher Automation","JetMove 1008","SubDevices","Drive Technology - Servo Drives","No","https://www.ethercat.org/en/products/49445B5FC59E42E6B131279699590BAF.htm"
"Bucher Automation","JetMove 3000 Series","SubDevices","Drive Technology - Servo Drives","No","https://www.ethercat.org/en/products/8C952E9FE0A14BA495E8090E6D7A1F95.htm"
"Chieftek Precision","Will 1-B3 / 230","SubDevices","Drive Technology - Servo Drives","No","https://www.ethercat.org/en/products/79D42ADC8BCE4668A0B2F57E9652B42C.htm"
"CKD","Multi-axis controller ECMG","SubDevices","Drive Technology - Servo Drives","No","https://www.ethercat.org/en/products/BFC2EAD460AD4BF8B32B8CBED6C99266.htm"
"CKD NIKKI DENSO","Servo Driver, VPV-VD Type","SubDevices","Drive Technology - Servo Drives","Yes","https://www.ethercat.org/en/products/962B894A806F42B3ACB86FBDCFA8F74D.htm"
"CMZ Sistemi Elettronici","IBD Integrated Brushless Drive","SubDevices","Drive Technology - Servo Drives","No","https://www.ethercat.org/en/products/E07988399ACA47B88442B745AA5959DA.htm"
"Control Techniques","Commander SK Drive Range","SubDevices","Drive Technology - Servo Drives","Yes","https://www.ethercat.org/en/products/98CC04D653E04EB98BD519279036E8CC.htm"
"Control Techniques","Digitax ST Drive Range","SubDevices","Drive Technology - Servo Drives","Yes","https://www.ethercat.org/en/products/AEDDAC0AE18744109E7322F69B500739.htm"
"Control Techniques","Unidrive SP Drive Range","SubDevices","Drive Technology - Servo Drives","Yes","https://www.ethercat.org/en/products/880D70D17F734B889090E1091D5F4EE6.htm"
"Nidec ACIM Germany","Digitax HD","SubDevices","Drive Technology - Servo Drives","Yes","https://www.ethercat.org/en/products/A4D004DA566F4B90A4CE851CA6C03976.htm"
"Copley Controls","Accelnet Plus 1-Axis Modules","SubDevices","Drive Technology - Servo Drives","Yes","https://www.ethercat.org/en/products/EF7A78E4339D4302AD44A7C683C2513D.htm"
"Copley Controls","Accelnet Plus 1-Axis Panel Mount","SubDevices","Drive Technology - Servo Drives","Yes","https://www.ethercat.org/en/products/A49D71F0C7614198B26BFB2D9E5F3F12.htm"
"Copley Controls","Accelnet Plus 2-Axis Modules","SubDevices","Drive Technology - Servo Drives","Yes","https://www.ethercat.org/en/products/4395E9925D494EB4B5E9039D37CC9CBE.htm"
"Copley Controls","Accelnet Plus 2-Axis Panel Mount","SubDevices","Drive Technology - Servo Drives","Yes","https://www.ethercat.org/en/products/378394398C5B4C2DA3560ABD5E313FDD.htm"
"Copley Controls","Xenus Plus 1-Axis 115/230 VAC Drives","SubDevices","Drive Technology - Servo Drives","Yes","https://www.ethercat.org/en/products/5E046F4D786348C786D2255EA2F49218.htm"
"Copley Controls","Xenus Plus 2-Axis 115/230 VAC Drives","SubDevices","Drive Technology - Servo Drives","Yes","https://www.ethercat.org/en/products/F1D7056C69D74E67AF38055684643059.htm"
"Danfoss Drives","VLT Decentral Servo Drive DSD 520","SubDevices","Drive Technology - Servo Drives","Yes","https://www.ethercat.org/en/products/E072DB81B2EF44899052BEFAAF296DF6.htm"
"Danfoss Drives","VLT Integrated Servo Drive ISD 520","SubDevices","Drive Technology - Servo Drives","Yes","https://www.ethercat.org/en/products/81A0549B8E344525AED5300E7FFD2ADB.htm"
"Delta Electronics","Advanced AC Servo Drive ASD-A3-EP Series","SubDevices","Drive Technology - Servo Drives","Yes","https://www.ethercat.org/en/products/10E3A863634D442A817A1A823E67E033.htm"
"Delta Electronics","Advanced AC Servo Drive ASDA-A3-E Series","SubDevices","Drive Technology - Servo Drives","No","https://www.ethercat.org/en/products/B7975927D2364164A2A8ADE928F5AF90.htm"
"Delta Electronics","Delta AC Servo Drive ASDA A2-E Series","SubDevices","Drive Technology - Servo Drives","Yes","https://www.ethercat.org/en/products/51BD3AE453194B2CAEC3F78B814904DE.htm"
"Delta Electronics","Standard AC Servo Drive ASDA-B3A-E Series","SubDevices","Drive Technology - Servo Drives","No","https://www.ethercat.org/en/products/1403A81739CE4222908FA268D6F74018.htm"
"dresden elektronik ingenieurtechnik","EtherCAT Drive Controller deSAC 4000","SubDevices","Drive Technology - Servo Drives","No","https://www.ethercat.org/en/products/E58BD02809B54744BB92FFE2FE1A39B0.htm"
"dresden elektronik ingenieurtechnik","EtherCAT Drive Controller deSDAC 3100","SubDevices","Drive Technology - Servo Drives","No","https://www.ethercat.org/en/products/61AAC42EE55342749AA184A1AF9527C4.htm"
"Dunkermotoren","BG 45 EC","SubDevices","Drive Technology - Servo Drives","No","https://www.ethercat.org/en/products/F577A72960CE4BB4A96B27EC2B5B2C76.htm"
"Dunkermotoren","BGE 5510 dPro EC","SubDevices","Drive Technology - Servo Drives","No","https://www.ethercat.org/en/products/ABA782E6CC214AFD83A1309EC5D2719D.htm"
"Dunkermotoren","BG 65 EC","SubDevices","Drive Technology - Servo Drives","No","https://www.ethercat.org/en/products/DA73D33D3C9B41B6ABD83E5EAF4A63BA.htm"
"Dunkermotoren","BG 65S EC","SubDevices","Drive Technology - Servo Drives","No","https://www.ethercat.org/en/products/E06AB1AF070148469AACC70DA27E450D.htm"
"Dunkermotoren","BG 66 dPro EC","SubDevices","Drive Technology - Servo Drives","No","https://www.ethercat.org/en/products/00AAC2EBE7964D15B8F3C9EC9D72877E.htm"
"Dunkermotoren","BG 75 EC","SubDevices","Drive Technology - Servo Drives","No","https://www.ethercat.org/en/products/76DAC3C805404943B8F3EAB38E65E1A6.htm"
"Dunkermotoren","BG 95 dPro EC","SubDevices","Drive Technology - Servo Drives","No","https://www.ethercat.org/en/products/8A32882507054F68AC49824800A16030.htm"
"Elmo Motion Control","B-Hornet","SubDevices","Drive Technology - Servo Drives","No","https://www.ethercat.org/en/products/2E5A8331EA2F471E9AAF730E91234319.htm"
"Elmo Motion Control","Gold DC Trombone","SubDevices","Drive Technology - Servo Drives","Yes","https://www.ethercat.org/en/products/578791ED51044319BB27BE1DA2C9D273.htm"
"Elmo Motion Control","Gold DC Whistle","SubDevices","Drive Technology - Servo Drives","Yes","https://www.ethercat.org/en/products/9FD5B172D6FF4078BCC8CEF85D362159.htm"
"Elmo Motion Control","Gold Drum","SubDevices","Drive Technology - Servo Drives","No","https://www.ethercat.org/en/products/4A4AE982116843A1AAE847A069BC14FF.htm"
"Elmo Motion Control","Gold Duo","SubDevices","Drive Technology - Servo Drives","Yes","https://www.ethercat.org/en/products/97729F00207C45B69E9F8C89B7067FF8.htm"
"Elmo Motion Control","Gold Guitar","SubDevices","Drive Technology - Servo Drives","No","https://www.ethercat.org/en/products/1CC80AFB913240758D531F27F0B5475F.htm"
"esitron-electronic","esiMot SL","SubDevices","Drive Technology - Servo Drives","No","https://www.ethercat.org/en/products/5C23140A0C854E3E9A80F6858EE6BB6B.htm"
"esitron-electronic","esiMot XL - Decentralised Servo Drives","SubDevices","Drive Technology - Servo Drives","No","https://www.ethercat.org/en/products/02D3F7F468EA401F9A4CBAE25B9957CC.htm"
"ESR Pollmeier","TrioDrive D/ES and MidiDrive D/ES Servo Drives","SubDevices","Drive Technology - Servo Drives","No","https://www.ethercat.org/en/products/10E7C390B8264A4BABA0C56C7833B1EC.htm"
"ETEL","AccurET Modular 48","SubDevices","Drive Technology - Servo Drives","No","https://www.ethercat.org/en/products/812F2A943C054661888188499A40473D.htm"
"ETEL","AccurET Modular 300","SubDevices","Drive Technology - Servo Drives","No","https://www.ethercat.org/en/products/26B30CEFE6F44D838B6F082D9587F25C.htm"
"ETEL","AccurET Modular 400","SubDevices","Drive Technology - Servo Drives","No","https://www.ethercat.org/en/products/59B93D94A60C4707B89FB2E52C5008AC.htm"
"ETEL","AccurET Modular 600","SubDevices","Drive Technology - Servo Drives","No","https://www.ethercat.org/en/products/56E9FAADBF0340FEA6F2480B770E1454.htm"
"FANUC Deutschland","Digital Servo Adaptor-B","SubDevices","Drive Technology - Servo Drives","No","https://www.ethercat.org/en/products/7068D68778D54336BFEC99A4D4D4754B.htm"
"FAULHABER","BLDC-Motors with integrated Motion Controller Series MCS 3274...BP4 ET","SubDevices","Drive Technology - Servo Drives","No","https://www.ethercat.org/en/products/6088AFBC74A649C0B71D482218EF4782.htm"
"FAULHABER","Integrated Motion Controller: MCS 3242BX4 ET / MCS 3268BX4 ET","SubDevices","Drive Technology - Servo Drives","No","https://www.ethercat.org/en/products/4EF20F239F25496D91857EBC17153460.htm"
"FAULHABER","Motion Controllers: MC3603 S ET","SubDevices","Drive Technology - Servo Drives","No","https://www.ethercat.org/en/products/55B5219BB8CC46DEA2FEA8BCFBF9733A.htm"
"FAULHABER","Motion Controllers: MC 5004 / MC 5005 / MC 5010","SubDevices","Drive Technology - Servo Drives","No","https://www.ethercat.org/en/products/C74CC25EB13843A8978BD21101D669C9.htm"
"FASTECH","Ezi-POS G/H EtherCAT","SubDevices","Drive Technology - Servo Drives","No","https://www.ethercat.org/en/products/F7DF9B9A8BE14E79A7D55F67833745A5.htm"
"Ferrocontrol Steuerungssysteme","EDarc C","SubDevices","Drive Technology - Servo Drives","No","https://www.ethercat.org/en/products/4A86A4349B5A44DCAB2D41D43EC1F0EA.htm"
"Ferrocontrol Steuerungssysteme","EDarc K","SubDevices","Drive Technology - Servo Drives","No","https://www.ethercat.org/en/products/3D7480248BD5461D81EFF662117FA81F.htm"
"Festo","Integrated Drive EMCA","SubDevices","Drive Technology - Servo Drives","No","https://www.ethercat.org/en/products/81966EF01D594433BE3D3E768D66418C.htm"
"Festo","Servo Controller CMMP-AS","SubDevices","Drive Technology - Servo Drives","No","https://www.ethercat.org/en/products/7E7C6145E36046539205DF8FCE8E4938.htm"
"Festo","Servo Drive CMMT-AS","SubDevices","Drive Technology - Servo Drives","No","https://www.ethercat.org/en/products/B20A51C92A3C4E5BA93137B1D670103F.htm"
"Galil Motion Control","EDD-3701x","SubDevices","Drive Technology - Servo Drives","No","https://www.ethercat.org/en/products/687C8C2172824473878F272330CD67C5.htm"
"Granite Devices","ARGON","SubDevices","Drive Technology - Servo Drives","No","https://www.ethercat.org/en/products/E4A0F1D2A86045C39E1B86BFDB516371.htm"
"Granite Devices","ATOMI","SubDevices","Drive Technology - Servo Drives","No","https://www.ethercat.org/en/products/D83C1701BD6D4220B9753FADA80E7B22.htm"
"Granite Devices","IONI Servo & Stepper Drive","SubDevices","Drive Technology - Servo Drives","No","https://www.ethercat.org/en/products/D2D13B1DC3C34AF8A87FC48B4EDFAF41.htm"
"halstrup-walcher","HIPERDRIVE positioning systems","SubDevices","Drive Technology - Servo Drives","No","https://www.ethercat.org/en/products/B17A6F8EE8654679A950C9E464991585.htm"
"halstrup-walcher","PSE/PSS/PSW 3 series","SubDevices","Drive Technology - Servo Drives","No","https://www.ethercat.org/en/products/D32A299189E54B4B8FE319CEF1A5602F.htm"
"Harmonic Drive","YukonDrive","SubDevices","Drive Technology - Servo Drives","No","https://www.ethercat.org/en/products/C56A4743DD6E4C2DAE501D65E0DB3DAF.htm"
"Hivertec","HES-C400","SubDevices","Drive Technology - Servo Drives","Yes","https://www.ethercat.org/en/products/EC33A09D65754839A66A0B4A91D8702D.htm"
"HIWIN MIKROSYSTEM","D1","SubDevices","Drive Technology - Servo Drives","Yes","https://www.ethercat.org/en/products/C535A60497384C15BEDF151CB1088D5B.htm"
"HIWIN MIKROSYSTEM","D1-N","SubDevices","Drive Technology - Servo Drives","Yes","https://www.ethercat.org/en/products/91B6B310595B463199F8F5C59493F9E1.htm"
"HIWIN MIKROSYSTEM","D2","SubDevices","Drive Technology - Servo Drives","Yes","https://www.ethercat.org/en/products/D841592A4E0749F1898C2BFCDF6DDB95.htm"
"IDAM (INA Drives & Mechatronics)","Digital Servo Modul DSMRW","SubDevices","Drive Technology - Servo Drives","No","https://www.ethercat.org/en/products/80948AC832F94A1A8A6E079E833825FE.htm"
"INFRANOR","XtrapulsPac","SubDevices","Drive Technology - Servo Drives","No","https://www.ethercat.org/en/products/781769077F394A0AA6D4E6236FE6B645.htm"
"INFRANOR","XtrapulsPacHP","SubDevices","Drive Technology - Servo Drives","Yes","https://www.ethercat.org/en/products/C3555413C5974B94A92225ACC7C0811B.htm"
"Ingenia Motion Control","Everest XCR","SubDevices","Drive Technology - Servo Drives","Yes","https://www.ethercat.org/en/products/034A7B2FC2C640008AE5221D16594D2E.htm"
"Ingenia Motion Control","Jupiter","SubDevices","Drive Technology - Servo Drives","No","https://www.ethercat.org/en/products/A8F1E87C297A46269EE2A819FC59578C.htm"
"Ingenia Motion Control","Nix","SubDevices","Drive Technology - Servo Drives","No","https://www.ethercat.org/en/products/2B071AE1596A449981A46C7175B225BD.htm"
"Ingenia Motion Control","TritonCore","SubDevices","Drive Technology - Servo Drives","No","https://www.ethercat.org/en/products/73E9AD0D49B74EBAB78F939094AE14A0.htm"
"Inovance Technology Europe","SV660N Series Servo Drive","SubDevices","Drive Technology - Servo Drives","Yes","https://www.ethercat.org/en/products/6B9B3C89DDDE44C2ACFBE609E8C72C3B.htm"
"IRT","2000 & 4000 Series drives with EtherCAT","SubDevices","Drive Technology - Servo Drives","No","https://www.ethercat.org/en/products/BB5E4CD2FBAD4677B5EEF303EDD21E6D.htm"
"IRT","FlexLine drives with EtherCAT - FlexTwin & FlexSlim","SubDevices","Drive Technology - Servo Drives","No","https://www.ethercat.org/en/products/74C788B345E74F7EB8CD5633AA572CBA.htm"
"JAT - Jenaer Antriebstechnik","ECOMODUL","SubDevices","Drive Technology - Servo Drives","No","https://www.ethercat.org/en/products/AE3B2A0FCBFA44EFAAEFBDFD40931EC8.htm"
"JAT - Jenaer Antriebstechnik","ECOMPACT 23E Compact Servo Drive","SubDevices","Drive Technology - Servo Drives","No","https://www.ethercat.org/en/products/44C1608E8DBB48EC81E81F449F99061A.htm"
"JAT - Jenaer Antriebstechnik","ECOMPACT 60E","SubDevices","Drive Technology - Servo Drives","No","https://www.ethercat.org/en/products/590170BC4A0848408E305C839C7D2AB9.htm"
"JAT - Jenaer Antriebstechnik","ECOVARIO","SubDevices","Drive Technology - Servo Drives","No","https://www.ethercat.org/en/products/88FFAB2DA566417AB6FA1FA37989063C.htm"
"Jenny Science","XENAX Xvi75V8 Ethernet Servo Controller","SubDevices","Drive Technology - Servo Drives","No","https://www.ethercat.org/en/products/92F6D3AF15154075BB326EAF2B335A1B.htm"
"Justek","JSMD-02E","SubDevices","Drive Technology - Servo Drives","Yes","https://www.ethercat.org/en/products/D53925D4F3064F37BA03A5728C2487FC.htm"
"JVL Industri Elektronik","Integrated Servo Motors","SubDevices","Drive Technology - Servo Drives","No","https://www.ethercat.org/en/products/AF051480021E4018BF51520C844E9881.htm"
"KEB","COMBIVERT H6","SubDevices","Drive Technology - Servo Drives","No","https://www.ethercat.org/en/products/82EAD79B7CBE4C4D8F3CF5C2BE2D38F2.htm"
"KEB","COMBIVERT S6","SubDevices","Drive Technology - Servo Drives","Yes","https://www.ethercat.org/en/products/2334D32CE11B4E8589B8ACFCD7CB2024.htm"
"KEBA Industrial Automation Germany","KeDrive D3-DA Axis Controller","SubDevices","Drive Technology - Servo Drives","Yes","https://www.ethercat.org/en/products/A3CCAC860EEC47ADB1CE1DEB501CA4F7.htm"
"KEBA Industrial Automation Germany","KeDrive D3","SubDevices","Drive Technology - Servo Drives","Yes","https://www.ethercat.org/en/products/22160A31A32542B48865B084107BD9CB.htm"
"KEBA Industrial Automation Germany","KeDrive D5","SubDevices","Drive Technology - Servo Drives","No","https://www.ethercat.org/en/products/449A261BBF6D47378287BE6561214FF8.htm"
"KEBA Industrial Automation Germany","ServoA","SubDevices","Drive Technology - Servo Drives","Yes","https://www.ethercat.org/en/products/7DB8915A2CCC4A8A82B8947FF6A06F0F.htm"
"KEBA Industrial Automation Germany","ServoOne","SubDevices","Drive Technology - Servo Drives","Yes","https://www.ethercat.org/en/products/CCB74BE81B114ABD8C314FF2CDD6C902.htm"
"KEBA Industrial Automation Germany","ServoOne Junior","SubDevices","Drive Technology - Servo Drives","Yes","https://www.ethercat.org/en/products/3195B8DF87AF4BBE9B82235D20720D6E.htm"
"Kendrion Kuhnke Automation","Kuhnke FIO Drive Control","SubDevices","Drive Technology - Servo Drives","No","https://www.ethercat.org/en/products/63169847AE7441A893604E9E1A3E2DF5.htm"
"Kendrion Kuhnke Automation","Kuhnke FIO Drive Control DC/EC","SubDevices","Drive Technology - Servo Drives","No","https://www.ethercat.org/en/products/4AC919FDE7D24002878B28E02485B62E.htm"
"KOLLMORGEN","AKD Servo Drive","SubDevices","Drive Technology - Servo Drives","No","https://www.ethercat.org/en/products/AD76BB59C0A94F84B06AC6811C8B4CD3.htm"
"KOLLMORGEN","AKD PDMM Programmable Drive, Multi-Axis Master","SubDevices","Drive Technology - Servo Drives","No","https://www.ethercat.org/en/products/DDC227AD3A7142B98D7A6AAD49E9B349.htm"
"KOLLMORGEN","AKD-N Decentralized Servo Drive","SubDevices","Drive Technology - Servo Drives","No","https://www.ethercat.org/en/products/7D02E53BB7304925B3BA2B2F3789D353.htm"
"KOLLMORGEN","AKD2G Servo Drive","SubDevices","Drive Technology - Servo Drives","Yes","https://www.ethercat.org/en/products/A374B62104CB43B0ABEFC70A7EE1B880.htm"
"KOLLMORGEN","SERVOSTAR 300 and S700 Servo Drives","SubDevices","Drive Technology - Servo Drives","No","https://www.ethercat.org/en/products/D8AB815D20704751B6E383DF85CD793D.htm"
"KSJ","Brushless DC Motor Driver KyrosZ","SubDevices","Drive Technology - Servo Drives","No","https://www.ethercat.org/en/products/0CFA90A70427486F8F55A81B37EDA045.htm"
"Lenord + Bauer","PowerDRIVE GEL 6110","SubDevices","Drive Technology - Servo Drives","No","https://www.ethercat.org/en/products/E3C102F4B252458D973527F8B62091E5.htm"
"Lenze","i750","SubDevices","Drive Technology - Servo Drives","Yes","https://www.ethercat.org/en/products/076EFFD3EA48452FBC00DA594F8ABE41.htm"
"Lenze","i950 cabinet servo inverter","SubDevices","Drive Technology - Servo Drives","Yes","https://www.ethercat.org/en/products/34F70D0FDF3647148A7EE0C94CF2A106.htm"
"Lenze","L-force 9400 Servo Drives","SubDevices","Drive Technology - Servo Drives","Yes","https://www.ethercat.org/en/products/A13B2FB174BD4599A3EB2EB193E80592.htm"
"LinMot","Digital Servo Controller Series E1250","SubDevices","Drive Technology - Servo Drives","No","https://www.ethercat.org/en/products/DDD7A6B6999C44B39A19519BFE229263.htm"
"Lika Electronic","RD6 all-in-one rotary actuator with multiturn encoder & drive","SubDevices","Drive Technology - Servo Drives","No","https://www.ethercat.org/en/products/B1425289247C4A958D574726BCB72739.htm"
"LPKF SolarQuipment","DAC1005-Ex","SubDevices","Drive Technology - Servo Drives","No","https://www.ethercat.org/en/products/08034CB4C21A4F3E860675140202CD49.htm"
"LS Mecapion","iX7M Series","SubDevices","Drive Technology - Servo Drives","No","https://www.ethercat.org/en/products/88184E70EBF14C0281563BCFA50E753E.htm"
"LS Mecapion","iX7NH Series","SubDevices","Drive Technology - Servo Drives","No","https://www.ethercat.org/en/products/EF21463130D54BA8BC68CC8DC7935633.htm"
"LS Mecapion","L7N Servo Drives Series","SubDevices","Drive Technology - Servo Drives","Yes","https://www.ethercat.org/en/products/31FD002D912E46E4B29B75ED687CE242.htm"
"LS Mecapion","L7NH Series","SubDevices","Drive Technology - Servo Drives","No","https://www.ethercat.org/en/products/750FB693B9B24ABF8C91A6E152B1D0D6.htm"
"LS Mecapion","Pegasus Series","SubDevices","Drive Technology - Servo Drives","No","https://www.ethercat.org/en/products/2F7604D451F34BFD98A9C033035D4D31.htm"
"LS Mecapion","PHOX Series","SubDevices","Drive Technology - Servo Drives","No","https://www.ethercat.org/en/products/170BB7A4728D4E93B41BBB331EDF1180.htm"
"maxon","EPOS4 Positioning Controller","SubDevices","Drive Technology - Servo Drives","No","https://www.ethercat.org/en/products/EDE3070F41D3477294ECBB28BF6F90C3.htm"
"maxon","EPOS4 Disk 60/8 EtherCAT","SubDevices","Drive Technology - Servo Drives","No","https://www.ethercat.org/en/products/1CA1B19C3929418F9D2725E6E90AC083.htm"
"maxon"," EPOS4 Disk 60/12 EtherCAT","SubDevices","Drive Technology - Servo Drives","No","https://www.ethercat.org/en/products/29D85896E7CF4861A50A161D58EDDE17.htm"
"maxon","IDX 56","SubDevices","Drive Technology - Servo Drives","No","https://www.ethercat.org/en/products/B9F4881EB4D146D2BB68374981CF1CFF.htm"
"maxon","IDX 70","SubDevices","Drive Technology - Servo Drives","No","https://www.ethercat.org/en/products/142B22D767C14ACEB55B20B311B9C7FD.htm"
"maxon","High Efficiency Robotic Joint","SubDevices","Drive Technology - Servo Drives","No","https://www.ethercat.org/en/products/9F159E1818F64412BE223E3600B08CD8.htm"
"maxon","MiniMACS6-AMP-4/50/10-IF1","SubDevices","Drive Technology - Servo Drives","No","https://www.ethercat.org/en/products/B62CA902BC8C4DEE8009738D6ED312E0.htm"
"Mega-Fabs Motion Systems","APOLLO","SubDevices","Drive Technology - Servo Drives","No","https://www.ethercat.org/en/products/2E42139F71D34E5CA22826C421D4AEA8.htm"
"Metronix","Decentralised Intelligent Servo Positioning Controller DIS-2","SubDevices","Drive Technology - Servo Drives","No","https://www.ethercat.org/en/products/6F1651B9037F4E68B010AB59BCB677E7.htm"
"Metronix","smartServo BL 4000-C","SubDevices","Drive Technology - Servo Drives","No","https://www.ethercat.org/en/products/44FCB89E5524418386EA60C36AE3EF39.htm"
"Metronix","smartServo BL 4000-M/D","SubDevices","Drive Technology - Servo Drives","No","https://www.ethercat.org/en/products/DA762D5B1E3A45088910A7740D78C173.htm"
"Metronix","Universal Servo Positioning Controller ARS 2000 FS","SubDevices","Drive Technology - Servo Drives","No","https://www.ethercat.org/en/products/56D880FF053146A4BE9FC2704B68CB60.htm"
"Mitsubishi Electric","MELSERVO MR-JET-G-N1","SubDevices","Drive Technology - Servo Drives","Yes","https://www.ethercat.org/en/products/6056347D03B342058CD6B4E83CF637BF.htm"
"Mitsubishi Electric","MELSERVO MR-J4-TM-ECT","SubDevices","Drive Technology - Servo Drives","Yes","https://www.ethercat.org/en/products/D0D221BBD45E4FC3A871A3B2DC1CD25A.htm"
"Mitsubishi Electric","MELSERVO MR-J5-G-N1","SubDevices","Drive Technology - Servo Drives","Yes","https://www.ethercat.org/en/products/9EEF5EE245574A24B97882A1FED903C5.htm"
"Moog","DM2020 Servodrive","SubDevices","Drive Technology - Servo Drives","No","https://www.ethercat.org/en/products/A4BCE905D52F4B7288D6C71C548354E1.htm"
"Moog","MSD Servodrive","SubDevices","Drive Technology - Servo Drives","No","https://www.ethercat.org/en/products/5421B1FD0D55496CA5ABE996F5FFC426.htm"
"Motion Control Systems","AX Series PWM Amplifiers","SubDevices","Drive Technology - Servo Drives","Yes","https://www.ethercat.org/en/products/4B791A30F14048C78F96154B31633E45.htm"
"Murrelektronik","Vario-X Servodrive MD60","SubDevices","Drive Technology - Servo Drives","No","https://www.ethercat.org/en/products/C1254B6B827B4BFFB17A931CCDAF1714.htm"
"Myostat Motion Control","CM1-E Cool Muscle: CM1-E-17L30D & CM1-E-23L20D","SubDevices","Drive Technology - Servo Drives","No","https://www.ethercat.org/en/products/D810C1FE32C14B3CBA292362A9B3B8F8.htm"
"Nanotec Electronic","N5","SubDevices","Drive Technology - Servo Drives","No","https://www.ethercat.org/en/products/B9777B73E42F44938190F7CFC4A6BFF9.htm"
"Nanotec Electronic","PD4-E","SubDevices","Drive Technology - Servo Drives","No","https://www.ethercat.org/en/products/B86CEA1E9EF6454F9A2596CC053CE72D.htm"
"Nanotec Electronic","PD4-EB","SubDevices","Drive Technology - Servo Drives","No","https://www.ethercat.org/en/products/96CAFA3395184CA4A51B69C5E2907E3D.htm"
"CKD NIKKI DENSO","Servo Driver VPH-HD type","SubDevices","Drive Technology - Servo Drives","Yes","https://www.ethercat.org/en/products/88DEAAC95A6C43529BE5A4DC3389B662.htm"
"OMRON","AC Servo System 1S-series","SubDevices","Drive Technology - Servo Drives","Yes","https://www.ethercat.org/en/products/423F7CAE4A574ACE90D65A57530E625C.htm"
"OMRON","1S Series with Safety Functionality","SubDevices","Drive Technology - Servo Drives","Yes","https://www.ethercat.org/en/products/F35FD66C2C554527BA9F0434D281228A.htm"
"OMRON","G5 Series AC Servo Motor / Servo Drives","SubDevices","Drive Technology - Servo Drives","Yes","https://www.ethercat.org/en/products/6B041AC0A033479A938EDC6C37942913.htm"
"OMRON","G5 Series Linear Motor / Servo Drives","SubDevices","Drive Technology - Servo Drives","Yes","https://www.ethercat.org/en/products/45DF61C80149429C9F2A2B2AACF302E9.htm"
"OMRON","R88E-AECT Integrated Servo Motor","SubDevices","Drive Technology - Servo Drives","No","https://www.ethercat.org/en/products/AFFF3B69AD944BDEB9A527B3A8FF1A75.htm"
"ORIENTAL MOTOR","AZX Series Driver","SubDevices","Drive Technology - Servo Drives","Yes","https://www.ethercat.org/en/products/339DD83F152345D29399239D2A870595.htm"
"Panasonic","AC Servo MINAS A6 Multi","SubDevices","Drive Technology - Servo Drives","Yes","https://www.ethercat.org/en/products/B205000D737D424EABE771AE3E3446A2.htm"
"Panasonic","MINAS A5B","SubDevices","Drive Technology - Servo Drives","Yes","https://www.ethercat.org/en/products/D73ECA8C3A0A452FB3803396588D7BC2.htm"
"Panasonic","MINAS A6B Series","SubDevices","Drive Technology - Servo Drives","Yes","https://www.ethercat.org/en/products/B951606B308947CDB4811D49376296D0.htm"
"Panasonic","MINAS A7B Series","SubDevices","Drive Technology - Servo Drives","Yes","https://www.ethercat.org/en/products/7DCCD96D6BE74A31A5EAF72A6D57FB03.htm"
"Parker Hannifin","Compax3  High Performance Servo Drive","SubDevices","Drive Technology - Servo Drives","No","https://www.ethercat.org/en/products/1FFC203BFC1040ED95ABE6EC003E1C7F.htm"
"Parker Hannifin","Motornet DC","SubDevices","Drive Technology - Servo Drives","No","https://www.ethercat.org/en/products/AB6012E71E6B4976910222E39529F6E6.htm"
"Parker Hannifin","PSD Parker Servo Drive","SubDevices","Drive Technology - Servo Drives","No","https://www.ethercat.org/en/products/FFD40481742449EC9F64ECEB2EC03B87.htm"
"Parker Hannifin","SLVDN  Compact Servo Drive","SubDevices","Drive Technology - Servo Drives","No","https://www.ethercat.org/en/products/6AD1F527836D4FA08A5C2C0263544D32.htm"
"Pilz","Servo amplifiers PMC SI6 and PMC SC6","SubDevices","Drive Technology - Servo Drives","No","https://www.ethercat.org/en/products/6DE4E7BE630944F8AED43231600F289A.htm"
"Prodrive","EtherCAT Dual Servo Drive","SubDevices","Drive Technology - Servo Drives","Yes","https://www.ethercat.org/en/products/4C09B9C24C584872BF0791D6C1937AC8.htm"
"Prodrive","Four Axis EtherCAT Motion Controller","SubDevices","Drive Technology - Servo Drives","No","https://www.ethercat.org/en/products/EE0CFBE3AEC046308177EE57223E19AF.htm"
"Promicon Elektronik","CompactMotion - universal servo drive","SubDevices","Drive Technology - Servo Drives","No","https://www.ethercat.org/en/products/902C48A773CE4379B05D78AAA8F47F15.htm"
"Promicon Elektronik","VariMotion - multi-axis system","SubDevices","Drive Technology - Servo Drives","Yes","https://www.ethercat.org/en/products/247C1649AB604419B17ED618BB5A46BF.htm"
"Robot Motion Control","Modular Servo Drive (MSD)","SubDevices","Drive Technology - Servo Drives","No","https://www.ethercat.org/en/products/4EB7F711FB5345B7996C70905A37021C.htm"
"Robox","RID20-E AS9201.014","SubDevices","Drive Technology - Servo Drives","No","https://www.ethercat.org/en/products/8E77A152C36F41CE848215CF89FE5DA9.htm"
"RS Automation","CSD7 Servo Drive Series ","SubDevices","Drive Technology - Servo Drives","Yes","https://www.ethercat.org/en/products/A873E1C85B56491EA6ED50F0991F972E.htm"
"SANYO DENKI","SANMOTION R - ADVANCED MODEL","SubDevices","Drive Technology - Servo Drives","Yes","https://www.ethercat.org/en/products/26A9773246A143D28B69C51D5826AD9C.htm"
"Schneider Electric","Altivar 32 Variable Speed Drive","SubDevices","Drive Technology - Servo Drives","Yes","https://www.ethercat.org/en/products/AB45FBD0C4B44F39B3002BD4913EFE88.htm"
"Schneider Electric","IclA - Intelligent Compact Drives","SubDevices","Drive Technology - Servo Drives","No","https://www.ethercat.org/en/products/1FDE13F4227F42CEAC84573C8509D167.htm"
"Schneider Electric","Lexium 18E","SubDevices","Drive Technology - Servo Drives","Yes","https://www.ethercat.org/en/products/34A3E6A0F0CF4358958F1CC7523969B1.htm"
"Schneider Electric","Lexium 32 Motion Control","SubDevices","Drive Technology - Servo Drives","Yes","https://www.ethercat.org/en/products/F87C59D2357C45558B5FBEB54BEDF720.htm"
"Schneider Electric","Lexium 32i","SubDevices","Drive Technology - Servo Drives","Yes","https://www.ethercat.org/en/products/4613B8B05A3143808FB6390FE2D5877B.htm"
"SERAD France","IMD Series","SubDevices","Drive Technology - Servo Drives","No","https://www.ethercat.org/en/products/C3C15E921347469AA569413E6E20744F.htm"
"SERAD France","SMD Series","SubDevices","Drive Technology - Servo Drives","No","https://www.ethercat.org/en/products/2F53E6C7BB694685AE938632EBAA6B5E.htm"
"Servoland","Versatile Servo Drives MOVO","SubDevices","Drive Technology - Servo Drives","No","https://www.ethercat.org/en/products/760C7D023C1B40C0B4E131FDB1313BC4.htm"
"Servotronix Motion Control","CDHD Servo Drive","SubDevices","Drive Technology - Servo Drives","No","https://www.ethercat.org/en/products/E1753A559FBF4E2485C8C135BEEAC766.htm"
"SEW-EURODRIVE","MOVIAXIS MXA80A multi axis servo amplifier","SubDevices","Drive Technology - Servo Drives","No","https://www.ethercat.org/en/products/1C4F0E455E2A4B5DBEBC5240EEF93C06.htm"
"SEW-EURODRIVE","MOVIDRIVE MDX60B/61B drive inverter","SubDevices","Drive Technology - Servo Drives","No","https://www.ethercat.org/en/products/0D3A79F7DC0C433685F37415A5EF10C0.htm"
"SEW-EURODRIVE","MOVIDRIVE modular","SubDevices","Drive Technology - Servo Drives","Yes","https://www.ethercat.org/en/products/ED1EB9E8B9B84E79B980C2913DE25C93.htm"
"SEW-EURODRIVE","MOVIDRIVE system","SubDevices","Drive Technology - Servo Drives","No","https://www.ethercat.org/en/products/C6ACF68B533449E4A63292505B9E5C7F.htm"
"SEW-EURODRIVE","MOVIMOT with MFE72A EtherCAT Interface","SubDevices","Drive Technology - Servo Drives","Yes","https://www.ethercat.org/en/products/068EE73C06084871BD735141C81E46BA.htm"
"Shanghai STEP Electric","AS260 servo drive","SubDevices","Drive Technology - Servo Drives","Yes","https://www.ethercat.org/en/products/AEAEE18F9CCC474395F768DED0F6CD88.htm"
"Shenzhen INVT Electric","DA360N Series Servo Drives","SubDevices","Drive Technology - Servo Drives","Yes","https://www.ethercat.org/en/products/F302025C6B304A7A8419E82DB6C08949.htm"
"Shihlin Electric & Engineering","Shihlin AC Servo Drive SDP series","SubDevices","Drive Technology - Servo Drives","Yes","https://www.ethercat.org/en/products/3C5B0598033442D7999CA625023C392F.htm"
"SIEB & MEYER","Drive Amplifier SD2S for Servo Applications","SubDevices","Drive Technology - Servo Drives","No","https://www.ethercat.org/en/products/B850AE44B5904234A729F42496A94650.htm"
"SIEB & MEYER","Servo Amplifier SD3","SubDevices","Drive Technology - Servo Drives","No","https://www.ethercat.org/en/products/054DFD076BC24EA991401F6771340ED9.htm"
"STBER ANTRIEBSTECHNIK","POSIDRIVE MDS 5000","SubDevices","Drive Technology - Servo Drives","Yes","https://www.ethercat.org/en/products/CE4C65D2ED8B4F39A8166D6CEDB2C872.htm"
"STBER ANTRIEBSTECHNIK","SD6 Drive Controller","SubDevices","Drive Technology - Servo Drives","Yes","https://www.ethercat.org/en/products/2F9C03A5B5134F6CB4FDE27B7CF14748.htm"
"STBER ANTRIEBSTECHNIK","SI6/SC6 Drive Controller Family (single axis / double axis)","SubDevices","Drive Technology - Servo Drives","Yes","https://www.ethercat.org/en/products/56BCEC04413C47EF96B86DE0A1CD8140.htm"
"Synapticon","SOMANET Circulo 7","SubDevices","Drive Technology - Servo Drives","No","https://www.ethercat.org/en/products/385C14457E79438BB276439882914B09.htm"
"Synapticon","SOMANET Circulo 9","SubDevices","Drive Technology - Servo Drives","No","https://www.ethercat.org/en/products/75A1502BA1384CF4878D51DE5B777419.htm"
"Synapticon","SOMANET Servo Node 1000 EtherCAT","SubDevices","Drive Technology - Servo Drives","No","https://www.ethercat.org/en/products/1497C8621592452BBC7AD8F040318E35.htm"
"Synapticon","SOMANET Servo Node 2000 EtherCAT","SubDevices","Drive Technology - Servo Drives","No","https://www.ethercat.org/en/products/CB5EACD0949046CCB69CD013EB31F8FD.htm"
"Synapticon","SOMANET Servo Node 400 EtherCAT","SubDevices","Drive Technology - Servo Drives","No","https://www.ethercat.org/en/products/F0258A16475B489EB718257472F6943E.htm"
"Technosoft","EtherCAT Starter Kit for iPOS Drives","SubDevices","Drive Technology - Servo Drives","No","https://www.ethercat.org/en/products/1EAFC9200C9149A1BA4F7EAD4B3381FE.htm"
"Technosoft","IDM680 Intelligent Servo Drives","SubDevices","Drive Technology - Servo Drives","No","https://www.ethercat.org/en/products/6B16AEBFC6C54E26ADB4C5E95285F238.htm"
"Technosoft","iMOT171B TM-CAT","SubDevices","Drive Technology - Servo Drives","No","https://www.ethercat.org/en/products/95EF57AFAEC34B4CA992A89048A4CFD0.htm"
"Technosoft","iPOS2401 MX-CAT","SubDevices","Drive Technology - Servo Drives","No","https://www.ethercat.org/en/products/5EA429246AF441EBA2C0C43608961E64.htm"
"Technosoft","iPOS360x SY 6-Axis Motion System","SubDevices","Drive Technology - Servo Drives","No","https://www.ethercat.org/en/products/9E08560B01DB41188F7DE832497ACB4D.htm"
"Technosoft","iPOS4808 BX-CAT","SubDevices","Drive Technology - Servo Drives","No","https://www.ethercat.org/en/products/DA2A082DB7F943E891222DDE24916C88.htm"
"Technosoft","iPOS8020 BX-CAT","SubDevices","Drive Technology - Servo Drives","No","https://www.ethercat.org/en/products/BE33269DC2C44348BA6EF25C3403FDDB.htm"
"TECO Electric & Machinery","JSDG3-E","SubDevices","Drive Technology - Servo Drives","Yes","https://www.ethercat.org/en/products/EA503398B1FE4BB2844169E9A7CB75BE.htm"
"Teknic","ClearPath-EC","SubDevices","Drive Technology - Servo Drives","No","https://www.ethercat.org/en/products/556F7CBA74A048DD9EF34A2B486A31C5.htm"
"TQ-Systems","SDB-40-100","SubDevices","Drive Technology - Servo Drives","No","https://www.ethercat.org/en/products/4149F0A0E6A7475AA4FA425A79574A26.htm"
"Triamec Motion","TSD80","SubDevices","Drive Technology - Servo Drives","No","https://www.ethercat.org/en/products/9413484AC1CB4927BDE463F163ED259F.htm"
"Triamec Motion","TSD130","SubDevices","Drive Technology - Servo Drives","No","https://www.ethercat.org/en/products/6D2F2BCF4CB8439899ACCD173C6654EA.htm"
"Triamec Motion","TSD350","SubDevices","Drive Technology - Servo Drives","No","https://www.ethercat.org/en/products/0C460E18A08E4B00BC09449AF7B89A8C.htm"
"Triamec Motion","TSP700","SubDevices","Drive Technology - Servo Drives","No","https://www.ethercat.org/en/products/9F31D7FFC0374F6094262F2F35CAB3DA.htm"
"TRINAMIC Motion Control","TMCM-1314","SubDevices","Drive Technology - Servo Drives","No","https://www.ethercat.org/en/products/3984EDD69C924312A31E28C7F869DAF6.htm"
"Tsino-dynatron Electrical Technology Beijing","CoolDrive A8","SubDevices","Drive Technology - Servo Drives","Yes","https://www.ethercat.org/en/products/0B62882FEFB84637B111478E633AB818.htm"
"Tsino-dynatron Electrical Technology Beijing","CoolDrive R Series","SubDevices","Drive Technology - Servo Drives","No","https://www.ethercat.org/en/products/F9801D18F9784194A5357835087D749F.htm"
"Tsino-dynatron Electrical Technology Beijing","CoolDrive RC Series","SubDevices","Drive Technology - Servo Drives","No","https://www.ethercat.org/en/products/7A06472768DB4B2CB5760FB01C0DDA07.htm"
"Tsino-dynatron Electrical Technology Beijing","CoolDrive Smart7","SubDevices","Drive Technology - Servo Drives","No","https://www.ethercat.org/en/products/FD7D1844EC2F46EAAD14F368214D6E30.htm"
"Unitronics","UMD-E3  EtherCAT Servo Systems","SubDevices","Drive Technology - Servo Drives","No","https://www.ethercat.org/en/products/C7E2DFE8681340B9B0A7D424580F8C54.htm"
"Windpute (Jiangsu) Intelligent Technology","EtherCAT & Motor Solution XMC4800 For Robot Actuator","SubDevices","Drive Technology - Servo Drives","No","https://www.ethercat.org/en/products/EDC5C55B53AF46EE8B40776275D18C37.htm"
"WITTENSTEIN cyber motor","simco drive","SubDevices","Drive Technology - Servo Drives","No","https://www.ethercat.org/en/products/74660A82202E474F8825DF1BA700F840.htm"
"Yaskawa","Sigma-5 Series","SubDevices","Drive Technology - Servo Drives","No","https://www.ethercat.org/en/products/3D181ECA178B4A9D8E6399CADD142089.htm"
"Yaskawa","Sigma-7 200V Series","SubDevices","Drive Technology - Servo Drives","No","https://www.ethercat.org/en/products/63BBB5747CF84BAD9C4FC8CDBD140A2A.htm"
"Yaskawa","Sigma-7 400V Series","SubDevices","Drive Technology - Servo Drives","No","https://www.ethercat.org/en/products/AE13E9FA4C0C43C1AD5EDF220AC1DD40.htm"
"Zaber Technologies","E-MCC Universal Motion / Motor Controllers","SubDevices","Drive Technology - Servo Drives","No","https://www.ethercat.org/en/products/5107A1D4F91C4F0DA346E6ED9C2916C4.htm"
"zub machine control","MACS4-DC6: Multi-Axis Motion Control","SubDevices","Drive Technology - Servo Drives","No","https://www.ethercat.org/en/products/BBE6BA4E4F9646AFB9816E54F29888A1.htm"
"zub machine control","MACS4-DSP: Multi-Axis Positioning and Synchronization","SubDevices","Drive Technology - Servo Drives","No","https://www.ethercat.org/en/products/1C4BCD8F854948BE8D00698C8455FA28.htm"
"zub machine control","MACS5: Motion Control Module","SubDevices","Drive Technology - Servo Drives","No","https://www.ethercat.org/en/products/C94CE3D27B134848B936677EC897FF3C.htm"
"Mitsubishi Electric Europe - Factory Automation","MELSERVO MR-MD333G-N1","SubDevices","Drive Technology - Servo Drives","Yes","https://www.ethercat.org/en/products/8C6F91D959FD443384F9C660EDF8C18D.htm"
"ABB","ACS355","SubDevices","Drive Technology - Inverter, VFD, VSD","No","https://www.ethercat.org/en/products/49444210CF6E42DDAE3D9C3C18CB28DD.htm"
"ABB","ACS380","SubDevices","Drive Technology - Inverter, VFD, VSD","No","https://www.ethercat.org/en/products/8FE03748FE7E45EDAAA98019D375C312.htm"
"ABB","ACS480","SubDevices","Drive Technology - Inverter, VFD, VSD","No","https://www.ethercat.org/en/products/E6D348A749A8405FBCFDD20878DDE9EE.htm"
"ABB","ACS580","SubDevices","Drive Technology - Inverter, VFD, VSD","No","https://www.ethercat.org/en/products/7434D8622DA942DEB47071973401F881.htm"
"ABB","ACS880","SubDevices","Drive Technology - Inverter, VFD, VSD","No","https://www.ethercat.org/en/products/F2A5B6CABB2349F5BCDF8448313E8346.htm"
"Converteam","Frequency Converter MD2000","SubDevices","Drive Technology - Inverter, VFD, VSD","No","https://www.ethercat.org/en/products/475642FA410A4429863BCCDC64A1DA17.htm"
"Delta Electronics","Delta AC Motor Drives MS300 series","SubDevices","Drive Technology - Inverter, VFD, VSD","Yes","https://www.ethercat.org/en/products/849802B9585549F8A2A87FB19F227A56.htm"
"FASTECH","Ezi-SPEED EtherCAT","SubDevices","Drive Technology - Inverter, VFD, VSD","No","https://www.ethercat.org/en/products/63F982B5905A49D6AF6F3CB781EBFB0D.htm"
"Inovance Technology Europe","MD800 - Compact AC MultiDrive","SubDevices","Drive Technology - Inverter, VFD, VSD","No","https://www.ethercat.org/en/products/EA09FEADB02A42E78B3019ECAD309717.htm"
"KEB","COMBIVERT F5","SubDevices","Drive Technology - Inverter, VFD, VSD","No","https://www.ethercat.org/en/products/C27E8FDD000B452CBCB41520A5087084.htm"
"KEB","COMBIVERT F6","SubDevices","Drive Technology - Inverter, VFD, VSD","Yes","https://www.ethercat.org/en/products/AE8D19D23CB04F57B3764D9EC14A4182.htm"
"KEB","COMBIVERT G6","SubDevices","Drive Technology - Inverter, VFD, VSD","No","https://www.ethercat.org/en/products/F1A7EBDDC057426CA2E71F384CF9F0E8.htm"
"KOSTAL Industrie Elektrik","INVEOR MP","SubDevices","Drive Technology - Inverter, VFD, VSD","No","https://www.ethercat.org/en/products/15D4A16FCEAE467A8A064D3BBADC5C83.htm"
"KOSTAL Industrie Elektrik","Motor mounted INVEOR line of drive controllers in IP65","SubDevices","Drive Technology - Inverter, VFD, VSD","No","https://www.ethercat.org/en/products/5C1FE3843C4C41DD84316CFD475522FA.htm"
"Lenze","Inverter i550 Series","SubDevices","Drive Technology - Inverter, VFD, VSD","Yes","https://www.ethercat.org/en/products/109F563EFA9B488081721B8DCD396744.htm"
"Lenze","i550 i-series motec / Standard IO with STO","SubDevices","Drive Technology - Inverter, VFD, VSD","No","https://www.ethercat.org/en/products/4808BF0050DB4296803313B746896821.htm"
"Lenze","Frequency Inverter i550 protec","SubDevices","Drive Technology - Inverter, VFD, VSD","Yes","https://www.ethercat.org/en/products/147AD4E9C50D440F9B07D7552BB1B8CF.htm"
"Lenze","L-force 8400 Inverter Drives","SubDevices","Drive Technology - Inverter, VFD, VSD","No","https://www.ethercat.org/en/products/DD5C07110B9043DEB99D541CB9A9CA8B.htm"
"Lenze","L-force 8400 motec","SubDevices","Drive Technology - Inverter, VFD, VSD","No","https://www.ethercat.org/en/products/1D53347ECB034F3581F2C700F955A3E7.htm"
"LS ELECTRIC","S100","SubDevices","Drive Technology - Inverter, VFD, VSD","No","https://www.ethercat.org/en/products/C04BA66BE75149D78761BFE06CA56267.htm"
"Mitsubishi Electric","FR-A800/FR-F800 Series","SubDevices","Drive Technology - Inverter, VFD, VSD","Yes","https://www.ethercat.org/en/products/23D2E62BB94349DC8175C53E89559C58.htm"
"NORD DRIVESYSTEMS (Getriebebau NORD)","NORDAC BASE  SK 180E","SubDevices","Drive Technology - Inverter, VFD, VSD","No","https://www.ethercat.org/en/products/71453870244346028CDCD2123DD2A0D9.htm"
"NORD DRIVESYSTEMS (Getriebebau NORD)","NORDAC FLEX  SK 200E","SubDevices","Drive Technology - Inverter, VFD, VSD","No","https://www.ethercat.org/en/products/2127F2AFBBF34A178247551535112305.htm"
"NORD DRIVESYSTEMS (Getriebebau NORD)","NORDAC LINK  SK 250E","SubDevices","Drive Technology - Inverter, VFD, VSD","No","https://www.ethercat.org/en/products/54963CD986CA48AEBEE5CFDEC2FF585A.htm"
"NORD DRIVESYSTEMS (Getriebebau NORD)","NORDAC PRO  SK 500P","SubDevices","Drive Technology - Inverter, VFD, VSD","No","https://www.ethercat.org/en/products/1D2334B881654DECAFF55068B9C13B0F.htm"
"NORD DRIVESYSTEMS (Getriebebau NORD)","NORDAC PRO  SK 500E","SubDevices","Drive Technology - Inverter, VFD, VSD","Yes","https://www.ethercat.org/en/products/93DD8BFF7F7243069C501CDBBF87D262.htm"
"OMRON","High-function General-purpose Inverters RX2 Series","SubDevices","Drive Technology - Inverter, VFD, VSD","Yes","https://www.ethercat.org/en/products/7B38D7D1E2F74A4CBC85DFCBD32D0734.htm"
"OMRON","MX2 Series V1 Type Multi-function Compact Inverter","SubDevices","Drive Technology - Inverter, VFD, VSD","Yes","https://www.ethercat.org/en/products/A88DB75E606245EFBB813D9A810C0213.htm"
"OMRON","RX Series V1 Type High-function General-purpose Inverters","SubDevices","Drive Technology - Inverter, VFD, VSD","Yes","https://www.ethercat.org/en/products/FB74F7292F824AEDB6C1017777A132BC.htm"
"Schneider Electric","Altivar Machine ATV340","SubDevices","Drive Technology - Inverter, VFD, VSD","Yes","https://www.ethercat.org/en/products/1A8DE30A782D42199DA876629DD11137.htm"
"Schneider Electric","Altivar Process ATV900","SubDevices","Drive Technology - Inverter, VFD, VSD","Yes","https://www.ethercat.org/en/products/99C7325E920D4F79A5889603259BB626.htm"
"Servoland","Versatile Servo Drives MOVO","SubDevices","Drive Technology - Inverter, VFD, VSD","No","https://www.ethercat.org/en/products/3EA8BB9BDE35486DAC855F964F75037F.htm"
"SEW-EURODRIVE","MOVIDRIVE MDX60B/61B drive inverter","SubDevices","Drive Technology - Inverter, VFD, VSD","No","https://www.ethercat.org/en/products/D4A84E9B5007430A9F4F6700B5CA60AA.htm"
"SEW-EURODRIVE","MOVIGEAR DSI","SubDevices","Drive Technology - Inverter, VFD, VSD","No","https://www.ethercat.org/en/products/D2DA2C2A40C140D3B0452C91A67D298E.htm"
"SEW-EURODRIVE","MOVIMOT performance ELV","SubDevices","Drive Technology - Inverter, VFD, VSD","No","https://www.ethercat.org/en/products/680E7EA1EB314D0E8ECD234252EC761C.htm"
"SEW-EURODRIVE","MOVITRAC advanced","SubDevices","Drive Technology - Inverter, VFD, VSD","No","https://www.ethercat.org/en/products/79F025D136BB45B3A51952244CC4BA3F.htm"
"SEW-EURODRIVE","MOVITRAC MC07B frequency inverter","SubDevices","Drive Technology - Inverter, VFD, VSD","Yes","https://www.ethercat.org/en/products/96C1D1D2900147C1B1BA3854238F1715.htm"
"SIEB & MEYER","Drive Amplifier SD2S for High-speed Applications","SubDevices","Drive Technology - Inverter, VFD, VSD","No","https://www.ethercat.org/en/products/BBBD811A4869407BA5D565998A60B7F5.htm"
"STBER ANTRIEBSTECHNIK","POSIDRIVE FDS 5000","SubDevices","Drive Technology - Inverter, VFD, VSD","Yes","https://www.ethercat.org/en/products/23210BBCCA7A427CAD532969A820D3D3.htm"
"STBER ANTRIEBSTECHNIK","POSIDYN SDS 5000","SubDevices","Drive Technology - Inverter, VFD, VSD","Yes","https://www.ethercat.org/en/products/9A5B8AE174AD4C10A02FBA1AAC080BDB.htm"
"Toshiba Schneider Inverter","Industrial Inverter TOSVERT VF-S15 and VF-MB1","SubDevices","Drive Technology - Inverter, VFD, VSD","Yes","https://www.ethercat.org/en/products/811BF547CB6647DAAD35475C1B9E0D54.htm"
"Toshiba Schneider Inverter","Variable Speed Drive TOSVERT VF-AS3","SubDevices","Drive Technology - Inverter, VFD, VSD","Yes","https://www.ethercat.org/en/products/44A2D0149DFE4D0099EAC6081B5CAAFC.htm"
"ZIEHL-ABEGG","Fcontrol Basic","SubDevices","Drive Technology - Inverter, VFD, VSD","No","https://www.ethercat.org/en/products/CFFD35264FEE43F3BDA73A635D73D4FB.htm"
"Danfoss Drives","iC7 System Modules","SubDevices","Drive Technology - Inverter, VFD, VSD","Yes","https://www.ethercat.org/en/products/1DF3534FB3CD4DFCB60506468A650F7F.htm"
"ACD Antriebstechnik","AC03030A01S00","SubDevices","Drive Technology - Stepper","No","https://www.ethercat.org/en/products/45B3C4E598F947D9994303D4948CAECC.htm"
"ACD Antriebstechnik","PSAC03030A01S00","SubDevices","Drive Technology - Stepper","No","https://www.ethercat.org/en/products/98F390E8996F42728ECAAFAD36CE61DA.htm"
"ACS Motion Control","PDIcl","SubDevices","Drive Technology - Stepper","No","https://www.ethercat.org/en/products/46890720C40F46F0BDBF3D69D0844269.htm"
"ACS Motion Control","PDMnt","SubDevices","Drive Technology - Stepper","No","https://www.ethercat.org/en/products/20FDDCE830A64FD2BD7F8CDDF301B202.htm"
"Applied Motion Products","SS-EC StepSERVO Drives and Motors","SubDevices","Drive Technology - Stepper","No","https://www.ethercat.org/en/products/563C7B05E0684803A66046797844A807.htm"
"AUTOMATA","SMC3 Stepper Motor Controller","SubDevices","Drive Technology - Stepper","No","https://www.ethercat.org/en/products/1C368AA62A474766B87E0D4ED15140B3.htm"
"Autonics","AiC-EC","SubDevices","Drive Technology - Stepper","Yes","https://www.ethercat.org/en/products/9730C43E74CA45809DEFFAC8B3E05158.htm"
"Autonics","AiCA-EC","SubDevices","Drive Technology - Stepper","Yes","https://www.ethercat.org/en/products/CEB34BC1A3084B4E99657705EF872824.htm"
"Copley Controls","Stepnet Plus 1-Axis Modules","SubDevices","Drive Technology - Stepper","Yes","https://www.ethercat.org/en/products/ED4A201AAA46420CAB65287330036321.htm"
"Copley Controls","Stepnet Plus 2-Axis Modules","SubDevices","Drive Technology - Stepper","Yes","https://www.ethercat.org/en/products/2B1FB92A1F444F0C8D8D8A1CB30784A3.htm"
"Copley Controls","Stepnet Plus 2-Axis Panel Mount","SubDevices","Drive Technology - Stepper","Yes","https://www.ethercat.org/en/products/C2FE9438D42646A189E9E70E069A41B1.htm"
"COSMOTECHS","CTDR-0514ES-2LS / CTDR-0514ES-4LS","SubDevices","Drive Technology - Stepper","Yes","https://www.ethercat.org/en/products/F2D8EA16ADBE4976A4A77FDC1BB837B7.htm"
"COSMOTECHS","CTDR-0514ES-4L","SubDevices","Drive Technology - Stepper","Yes","https://www.ethercat.org/en/products/4510266DE5FB494C83EFC2FF6618F94F.htm"
"FASTECH","Ezi-SERVOII EtherCAT","SubDevices","Drive Technology - Stepper","Yes","https://www.ethercat.org/en/products/53C2C6CBC6E34E27A5DDF4ACECE5C048.htm"
"FASTECH","Ezi-SERVOII EtherCAT 4X","SubDevices","Drive Technology - Stepper","No","https://www.ethercat.org/en/products/3A414135E42244F89EE98B0B90BD3FD7.htm"
"FASTECH","Ezi-SERVOII EtherCAT ALL","SubDevices","Drive Technology - Stepper","No","https://www.ethercat.org/en/products/EE072C0E3CCF46428EE396EBAFB07DE6.htm"
"FASTECH","Ezi-SERVOII EtherCAT MINI","SubDevices","Drive Technology - Stepper","No","https://www.ethercat.org/en/products/C969E74218A34CDCB91EE12E887B5FB2.htm"
"FASTECH","Ezi-SERVOII EtherCAT TO","SubDevices","Drive Technology - Stepper","No","https://www.ethercat.org/en/products/54B36AB2CD194DC3B53974CB21BC9E2C.htm"
"Festo","CMMT-ST","SubDevices","Drive Technology - Stepper","No","https://www.ethercat.org/en/products/30BFC7597A2F4470B6AE846FBEB3B3FE.htm"
"halstrup-walcher","PSD","SubDevices","Drive Technology - Stepper","No","https://www.ethercat.org/en/products/5876E5E241554C02A6661FCC83CFF0CB.htm"
"Hivertec","HES-F400 Series","SubDevices","Drive Technology - Stepper","No","https://www.ethercat.org/en/products/62CB50F91D434B1C852C95B850890B98.htm"
"Hivertec","HES-M400","SubDevices","Drive Technology - Stepper","Yes","https://www.ethercat.org/en/products/05667F8AC36A4E10A56FFFC41E55B215.htm"
"IAI","EtherCAT Field Network Controllers PCON-CA/CFA","SubDevices","Drive Technology - Stepper","No","https://www.ethercat.org/en/products/DBB26A43C43543D883B280105B31EDB9.htm"
"ICOP Technology","QEC-RXXMP Series","SubDevices","Drive Technology - Stepper","No","https://www.ethercat.org/en/products/EC2FB56C98AA40D6B8074E6F97AEDF30.htm"
"Kendrion Kuhnke Automation","Kuhnke FIO Drive Control","SubDevices","Drive Technology - Stepper","No","https://www.ethercat.org/en/products/0347B6A5277D47989AA30710AB3412AE.htm"
"Leadshine Technology","DM3E-556","SubDevices","Drive Technology - Stepper","Yes","https://www.ethercat.org/en/products/875AF8A5407A40639BD3C1E0BA0E9F12.htm"
"MIDDEX-ELECTRONIC","SC8-EC-SFB01","SubDevices","Drive Technology - Stepper","No","https://www.ethercat.org/en/products/771F0EFF09CB4D8FA3F2D716E3969358.htm"
"NCT","SMI2 - Two-channel stepper motor interface unit with SSI encoder input","SubDevices","Drive Technology - Stepper","No","https://www.ethercat.org/en/products/F8040B650ED249968C37BB295A8F9664.htm"
"MABUCHI MOTOR NPM","Stepping motor driver: EC-AD series","SubDevices","Drive Technology - Stepper","No","https://www.ethercat.org/en/products/16E6B4B5A2C1406DAC685AB8F0142637.htm"
"MABUCHI MOTOR NPM","Closed-loop stepping motor PULSERVO II","SubDevices","Drive Technology - Stepper","No","https://www.ethercat.org/en/products/9AC2A4D904094C438D2EEF96DF01FF8A.htm"
"ORIENTAL MOTOR","AZ Series Single-Axis Driver","SubDevices","Drive Technology - Stepper","Yes","https://www.ethercat.org/en/products/A5943249B598499093AC757FE4278127.htm"
"ORIENTAL MOTOR","AZ Series Multi-Axis-Driver","SubDevices","Drive Technology - Stepper","Yes","https://www.ethercat.org/en/products/29B909269C5C4967967A8F7B5327D534.htm"
"ORIENTAL MOTOR","AZ Series mini Driver","SubDevices","Drive Technology - Stepper","Yes","https://www.ethercat.org/en/products/BB38D7AD585D42D5B4AEF7356931A049.htm"
"ORIENTAL MOTOR","CVD Series Multi-Axis Type","SubDevices","Drive Technology - Stepper","Yes","https://www.ethercat.org/en/products/9B39212802BA4F76895B951EF9BE54B2.htm"
"ORIENTAL MOTOR","Rotary Actuator DGII Series","SubDevices","Drive Technology - Stepper","No","https://www.ethercat.org/en/products/C3DC17B2CFFF4BBC84E4AFBD61EFBC1F.htm"
"R.T.A.","CSD ET","SubDevices","Drive Technology - Stepper","No","https://www.ethercat.org/en/products/B23377A67D0045ADAF121A9EE64E7E99.htm"
"R.T.A.","Plus ET","SubDevices","Drive Technology - Stepper","No","https://www.ethercat.org/en/products/A7BD2E0E827A4CBDA26EF0FF44884370.htm"
"R.T.A.","X-Plus ET","SubDevices","Drive Technology - Stepper","No","https://www.ethercat.org/en/products/4FA98A26CD30402F8F1EA12618CEE333.htm"
"SANYO DENKI","SANMOTION Model No.PB","SubDevices","Drive Technology - Stepper","Yes","https://www.ethercat.org/en/products/7E3D50A657154A98BF22D8888FEA4DD0.htm"
"Shanghai AMP&MOONS Automation","SS EtherCAT Step-Servo Drives and Motors","SubDevices","Drive Technology - Stepper","Yes","https://www.ethercat.org/en/products/0A55BA451D0243C694103DF3B3C8CB7F.htm"
"Shanghai AMP&MOONS Automation","STF EtherCAT Stepper Drives","SubDevices","Drive Technology - Stepper","Yes","https://www.ethercat.org/en/products/E556419C65234D588D3F95E6A9F83605.htm"
"Smartind Technologies","SA1400","SubDevices","Drive Technology - Stepper","Yes","https://www.ethercat.org/en/products/0759E927F71342BAA427CBC41A66F4D4.htm"
"Taiwan Pulse Motion (TPM)","Nu-Servo Series","SubDevices","Drive Technology - Stepper","No","https://www.ethercat.org/en/products/6115D5655DBC4EDC99A1BE2F04533217.htm"
"TRINAMIC Motion Control","TMCM-1310 Closed Loop Stepper Controller & Driver","SubDevices","Drive Technology - Stepper","No","https://www.ethercat.org/en/products/FC9CFB43111146AE80218A825CE3CADF.htm"
"TRINAMIC Motion Control","TMCM-3315","SubDevices","Drive Technology - Stepper","Yes","https://www.ethercat.org/en/products/EC00DFAEA49C4D94B8E9DC87444920F8.htm"
"AB&T","EpoCAT FR1000","SubDevices","I/O Systems","No","https://www.ethercat.org/en/products/4D9061ED55954EC99F2572D9BC7D9F87.htm"
"ABB","CI511-ETHCAT  EtherCAT Bus Module","SubDevices","I/O Systems","Yes","https://www.ethercat.org/en/products/F9F10A61542B4CC582C067B39DF4BAFC.htm"
"ABB","CI512-ETHCAT  EtherCAT Bus Module","SubDevices","I/O Systems","Yes","https://www.ethercat.org/en/products/D57DF0BE7EA747B198281D1ED53938F3.htm"
"ABB","S500","SubDevices","I/O Systems","No","https://www.ethercat.org/en/products/08A05CC1A6D349C999A51488C3C2CE6B.htm"
"ACS Motion Control","IOMnt ","SubDevices","I/O Systems","No","https://www.ethercat.org/en/products/A21E08BDE8374691B82B5DC1E59F00F7.htm"
"ADLINK Technology","ECAT-IO M Series","SubDevices","I/O Systems","No","https://www.ethercat.org/en/products/B3D27C61673741F1ABD3578CAFD8C76F.htm"
"ADVANCED Motion Controls","DxM and DxI/O Technology","SubDevices","I/O Systems","No","https://www.ethercat.org/en/products/FF1BF214E7764E07910745CB3173DE26.htm"
"Advantech","AMAX-4800 Series","SubDevices","I/O Systems","No","https://www.ethercat.org/en/products/C3EC60C1C6D6450CB6FE010858EF9794.htm"
"Advantech","AMAX-5000 Series","SubDevices","I/O Systems","No","https://www.ethercat.org/en/products/7502D23711344B659A46ADEEA6D4DC7A.htm"
"ANCA Motion","AMI5000 EtherCAT I/O Box","SubDevices","I/O Systems","No","https://www.ethercat.org/en/products/A7E3A115C67C4C6FA5A682E24A43CB41.htm"
"ANEDO","open:io S10e","SubDevices","I/O Systems","No","https://www.ethercat.org/en/products/A770C3B9B7FA48AA98E093E9426D1BB6.htm"
"ANEDO","open:io S15e","SubDevices","I/O Systems","No","https://www.ethercat.org/en/products/3DA06E03BC414BA09EDA3A5111BAE01D.htm"
"ANEDO","open:io S30e","SubDevices","I/O Systems","No","https://www.ethercat.org/en/products/96BF0389F85645C0B95D75719DFC1183.htm"
"Autonics","ARIO-C-EC","SubDevices","I/O Systems","Yes","https://www.ethercat.org/en/products/EB1B69681C6D462DA8E88A1241A8EB28.htm"
"BECKHOFF Automation","EtherCAT I/O Products, Analog Input, Current, Voltage","SubDevices","I/O Systems","Yes","https://www.ethercat.org/en/products/35778E3204FE42D8A7D344ADD22520A9.htm"
"BECKHOFF Automation","EtherCAT I/O Products, Analog Output, Current, Voltage","SubDevices","I/O Systems","Yes","https://www.ethercat.org/en/products/AE4171B2D56C430CA22D91B9A82DD5E2.htm"
"BECKHOFF Automation","EtherCAT I/O Products, Analog Input, IEPE/Acceleration","SubDevices","I/O Systems","Yes","https://www.ethercat.org/en/products/8CEAC586ADEB4373A02E9BB9C90C2C74.htm"
"BECKHOFF Automation","EtherCAT I/O Products, Analog Input, Measuring Bridge","SubDevices","I/O Systems","Yes","https://www.ethercat.org/en/products/FAEFC5DA885743A0BC79C11652231C7F.htm"
"BECKHOFF Automation","EtherCAT I/O Products, Analog Input, Potentiometer","SubDevices","I/O Systems","Yes","https://www.ethercat.org/en/products/6E965F709BC8457A9E42D9E5D90F83F0.htm"
"BECKHOFF Automation","EtherCAT I/O Products, Analog Input, Power and Energy","SubDevices","I/O Systems","Yes","https://www.ethercat.org/en/products/877521259B624EEBB80940768572A685.htm"
"BECKHOFF Automation","EtherCAT I/O Products, Analog Input, Pressure Measurement","SubDevices","I/O Systems","No","https://www.ethercat.org/en/products/D323133C0FA14A368F246650DC594106.htm"
"BECKHOFF Automation","EtherCAT I/O Products, Analog Input, Resistance","SubDevices","I/O Systems","Yes","https://www.ethercat.org/en/products/BC02F4CFA69B4120B6222A77B67B53E8.htm"
"BECKHOFF Automation","EtherCAT I/O Products, Digital Input, Standard Digital","SubDevices","I/O Systems","Yes","https://www.ethercat.org/en/products/A7F1222FC6074F4493DB17B600AD7521.htm"
"BECKHOFF Automation","EtherCAT I/O Products, Analog Input, Temperature","SubDevices","I/O Systems","Yes","https://www.ethercat.org/en/products/A2E223EEE9D64B19A0EF193BD346BC23.htm"
"BECKHOFF Automation","EtherCAT I/O Products, Digital Output, Standard Digital","SubDevices","I/O Systems","Yes","https://www.ethercat.org/en/products/6078999B11C9428C8F679F7508F65D46.htm"
"BECKHOFF Automation","EtherCAT I/O Products, Position Measurement","SubDevices","I/O Systems","Yes","https://www.ethercat.org/en/products/8BC525EC50E34A8AA8E9DDFF7B5E99FB.htm"
"BECKHOFF Automation","EtherCAT I/O Products, System","SubDevices","I/O Systems","Yes","https://www.ethercat.org/en/products/F23743DE859E4355A02F28513D86FB2A.htm"
"Belden Deutschland","LioN-P, Multiprotocol I/O Device","SubDevices","I/O Systems","Yes","https://www.ethercat.org/en/products/7CE83238E0CA4F5796E272BEB38A91FF.htm"
"Beijing HollySys Intelligent Technologies","LT-eIM01","SubDevices","I/O Systems","Yes","https://www.ethercat.org/en/products/92CC6ACF4A9D4894906A59519B3E2BE1.htm"
"Berghof Automation","E I/O - EtherCAT I/O System","SubDevices","I/O Systems","No","https://www.ethercat.org/en/products/2722316BBE5E4662B715E1F1CC25C673.htm"
"Bosch Rexroth","ctrlX I/O","SubDevices","I/O Systems","No","https://www.ethercat.org/en/products/5F294B403817452BB61D77D17730E14A.htm"
"Brunner Elektronik","EtherCAT I/O","SubDevices","I/O Systems","No","https://www.ethercat.org/en/products/4BBABD55EBF34AE581154799039AA896.htm"
"Brunner Elektronik","LC EtherCAT I/O","SubDevices","I/O Systems","No","https://www.ethercat.org/en/products/ED48E844DBE441479B17AE845D3861B9.htm"
"Bucher Automation","JX3-BN-EC","SubDevices","I/O Systems","Yes","https://www.ethercat.org/en/products/551428C2F5664E89A8576D403FAAB3B3.htm"
"burster przisionsmesstechnik","9251 Fieldbus Controller","SubDevices","I/O Systems","No","https://www.ethercat.org/en/products/E7CDAEB865224EAD9DF8D236B0149D84.htm"
"Carlo Gavazzi (Malta)","NRG Digital Solid State Relays","SubDevices","I/O Systems","Yes","https://www.ethercat.org/en/products/05DCCB69AA6E494DA33752EC1EB94D7D.htm"
"CKD","Remote I/O RT Series","SubDevices","I/O Systems","No","https://www.ethercat.org/en/products/479FC2B42BD74DC3803761E87567E8C7.htm"
"Cosworth Group","EAI32 EtherCAT Precision Analogue Input Module","SubDevices","I/O Systems","No","https://www.ethercat.org/en/products/06091330C3CE4FECA1B2B25540DC34C9.htm"
"Cosworth Group","ESG16 EtherCAT Strain Gauge Module","SubDevices","I/O Systems","No","https://www.ethercat.org/en/products/012E120E96794693AB4A3C7A2F489337.htm"
"CSM Computer-Systeme-Messtechnik","AD4 IG Series","SubDevices","I/O Systems","No","https://www.ethercat.org/en/products/8085CB623E1445E39DF42D56A5580114.htm"
"CSM Computer-Systeme-Messtechnik","AD4 OE Series","SubDevices","I/O Systems","No","https://www.ethercat.org/en/products/E12011CEF5E74E64949631DC217F0074.htm"
"CSM Computer-Systeme-Messtechnik","AD4 OG Series","SubDevices","I/O Systems","No","https://www.ethercat.org/en/products/E3D2E04408374A27BE113E507E33CB57.htm"
"CSM Computer-Systeme-Messtechnik","HV AD4 OW Series","SubDevices","I/O Systems","No","https://www.ethercat.org/en/products/6933A1745E474D529D817C7B9276830A.htm"
"CSM Computer-Systeme-Messtechnik","HV AD4 XW Series","SubDevices","I/O Systems","No","https://www.ethercat.org/en/products/88E6D177A1304F5FA2CF4EA616325103.htm"
"CSM Computer-Systeme-Messtechnik","HV BM Split Modules","SubDevices","I/O Systems","No","https://www.ethercat.org/en/products/7D85665CF6794BACB81BDC9E112ABFCA.htm"
"CSM Computer-Systeme-Messtechnik","HV Breakout Module Type 1.1","SubDevices","I/O Systems","No","https://www.ethercat.org/en/products/C4883F4722A8467F95356B64E4F81663.htm"
"CSM Computer-Systeme-Messtechnik","HV Breakout Module Type 1.2","SubDevices","I/O Systems","No","https://www.ethercat.org/en/products/819FDE090BEF4F9B9AD9B857C6B29F11.htm"
"CSM Computer-Systeme-Messtechnik","HV Breakout Module Type 1.2 +S","SubDevices","I/O Systems","No","https://www.ethercat.org/en/products/4EC103D24B174448B71CC5E4AAF507FD.htm"
"CSM Computer-Systeme-Messtechnik","HV Breakout Module Type 3.1","SubDevices","I/O Systems","No","https://www.ethercat.org/en/products/162FE28C6FB442DBA1C28E60F68284E1.htm"
"CSM Computer-Systeme-Messtechnik","HV STG4 Series","SubDevices","I/O Systems","No","https://www.ethercat.org/en/products/4D1967DD19BD4698B6BF1E2CC863FEB5.htm"
"CSM Computer-Systeme-Messtechnik","STG6 ECAT MM-Series","SubDevices","I/O Systems","No","https://www.ethercat.org/en/products/BEC0A1BB117F419BA7BEFADBA905D1CB.htm"
"Daudin","iO-GRID NEMO","SubDevices","I/O Systems","Yes","https://www.ethercat.org/en/products/31AF000F314D4556AF3E29A0A5F2A44A.htm"
"Daudin","iO-GRID X","SubDevices","I/O Systems","Yes","https://www.ethercat.org/en/products/BDB94A6C76224BA3905E09E142CD96D2.htm"
"Delta Electronics","Delta EtherCAT Remote Module R1-EC Series","SubDevices","I/O Systems","Yes","https://www.ethercat.org/en/products/AB31C9FAABDB49A4B8125541A0C31E1E.htm"
"DEWESoft","IOLITE - DAQ and Control","SubDevices","I/O Systems","No","https://www.ethercat.org/en/products/1471744E4A6442ECA7755C940E928F09.htm"
"DEWESoft","KRYPTON 3xSTG","SubDevices","I/O Systems","No","https://www.ethercat.org/en/products/D18312F6415A4C8F948DF127B92E3B1D.htm"
"DEWESoft","KRYPTONi 4xLV, 8xLV","SubDevices","I/O Systems","No","https://www.ethercat.org/en/products/B37C1F62BDC343B78E70C4797411564C.htm"
"DEWESoft","KRYPTONi 8xTH, 16xTH","SubDevices","I/O Systems","No","https://www.ethercat.org/en/products/9884308151CD415FB18AF543B6F5FA15.htm"
"DEWESoft","KRYPTONi DIO","SubDevices","I/O Systems","No","https://www.ethercat.org/en/products/083D2C8EFCF44158A73444EC7E2D2394.htm"
"DEWESoft","SIRIUSe","SubDevices","I/O Systems","No","https://www.ethercat.org/en/products/05F26E9545B24780A7864ED5B5450B14.htm"
"E-T-A Elektrotechnische Apparate","Bus controller CPC12","SubDevices","I/O Systems","Yes","https://www.ethercat.org/en/products/02CB9A4B58034508910E5E9CC76B9801.htm"
"Eckelmann","EUBM I/O Family","SubDevices","I/O Systems","Yes","https://www.ethercat.org/en/products/EEF072FD52FB43C0963F1DD601034678.htm"
"ELCO Industry Automation","Spider67 Gateway Module For EtherCAT","SubDevices","I/O Systems","Yes","https://www.ethercat.org/en/products/A1F343DE7EDC4CC8BD8043434FC059CE.htm"
"esd electronics","ECX-DIO8","SubDevices","I/O Systems","No","https://www.ethercat.org/en/products/142034E5A7ED44748DC17BFE73B4D397.htm"
"FASTECH","Ezi-IO EtherCAT","SubDevices","I/O Systems","No","https://www.ethercat.org/en/products/C3CD7AD870DF4409BDCCB7248B56FC54.htm"
"FASTECH","Ezi-IO EtherCAT AD","SubDevices","I/O Systems","No","https://www.ethercat.org/en/products/47D1B3422E574B5B90BD372170D88B71.htm"
"FASTECH","Ezi-IO EtherCAT CNT","SubDevices","I/O Systems","No","https://www.ethercat.org/en/products/4E9DB5B1EA10419582531B3977DA6538.htm"
"FASTECH","Ezi-IO EtherCAT DA","SubDevices","I/O Systems","No","https://www.ethercat.org/en/products/DD75B48D7D7749B284001B508CE09772.htm"
"Festo","Decentralised remote I/O system CPX-AP-I","SubDevices","I/O Systems","No","https://www.ethercat.org/en/products/F90F24854DD64F3787CCD151CF267A90.htm"
"Festo","Modular Remote I/O System CPX-E","SubDevices","I/O Systems","No","https://www.ethercat.org/en/products/F6A0E81F0792476CBE0C42FD6C6FDC2A.htm"
"Galil Motion Control","RIO-574x0","SubDevices","I/O Systems","Yes","https://www.ethercat.org/en/products/9B5D9E22CC3640F0A53B183F543B88D7.htm"
"Gantner Instruments","Q.bloxx XE","SubDevices","I/O Systems","No","https://www.ethercat.org/en/products/9F11F70513094558A001D029A8986B3B.htm"
"Gantner Instruments","Q.brixx XE","SubDevices","I/O Systems","No","https://www.ethercat.org/en/products/2A2C8159BF3A4C319E749030F6C71A1C.htm"
"Gantner Instruments","Q.raxx XE","SubDevices","I/O Systems","No","https://www.ethercat.org/en/products/E24B44CC60B94388AD7DE702D752B458.htm"
"Gantner Instruments","Q.station X","SubDevices","I/O Systems","No","https://www.ethercat.org/en/products/39EAA57FF801491E809296DE77178685.htm"
"GEFAZ","EtherCAT Redundancy Island (ERI)","SubDevices","I/O Systems","No","https://www.ethercat.org/en/products/28DF7F2C96824E159365CFBDA233CC1D.htm"
"Gefran","GFX4, GFX4-IR, GFXTERMO4","SubDevices","I/O Systems","No","https://www.ethercat.org/en/products/136BD341C4A5473D9E78F91023F5CB69.htm"
"Grossenbacher Systeme","CIO: Compact-I/O EtherCAT","SubDevices","I/O Systems","No","https://www.ethercat.org/en/products/74A83D99545F4D629A56FD7932A81B22.htm"
"Hivertec","Fast-Speed DIO","SubDevices","I/O Systems","No","https://www.ethercat.org/en/products/A60FAE195E474C64886257954F756AC3.htm"
"HMS Industrial Networks","EtherCAT  I/O Module ETCio 100","SubDevices","I/O Systems","Yes","https://www.ethercat.org/en/products/A08675A601984CECA8DE3DC113994931.htm"
"HRK-BRK","Julia-32","SubDevices","I/O Systems","No","https://www.ethercat.org/en/products/66738C962C374DDF8859B6873B25AA7A.htm"
"ICOP Technology","QEC-R11CFFG-N","SubDevices","I/O Systems","No","https://www.ethercat.org/en/products/A74EF7C9608E401BB40FDBCB23496EF5.htm"
"ICOP Technology","QEC-RXXD Series","SubDevices","I/O Systems","No","https://www.ethercat.org/en/products/ABE28967D7CF4F36BA2BFEAC43A21AAF.htm"
"ICP DAS","ECAT-2000 Analog Input Modules","SubDevices","I/O Systems","No","https://www.ethercat.org/en/products/A840112AB5E446329014AB86891F669E.htm"
"ICP DAS","ECAT-2000 Analog Output Modules","SubDevices","I/O Systems","No","https://www.ethercat.org/en/products/DF08DC9308274698A91607E4E4832D34.htm"
"ICP DAS","ECAT-2000 Digital I/O Modules","SubDevices","I/O Systems","No","https://www.ethercat.org/en/products/D646FDE500004D018BA4E7381E33166D.htm"
"ifm electronic","IO-Link Master - CabinetLine AL1930","SubDevices","I/O Systems","Yes","https://www.ethercat.org/en/products/C8AC3431F9AB4017A857578B96197FD3.htm"
"ifm electronic","IO-Link Master - DataLine AL133x","SubDevices","I/O Systems","Yes","https://www.ethercat.org/en/products/1FFF34EFC3B9428C92AC252A00F9C992.htm"
"Interroll","MultiControl AI / BI","SubDevices","I/O Systems","Yes","https://www.ethercat.org/en/products/327ECF76E9FB4B97B98015FFC6CDC9F7.htm"
"KEB","C6 REMOTE I/O","SubDevices","I/O Systems","No","https://www.ethercat.org/en/products/4E082E47174D4B26B10A650310038558.htm"
"KEBA","KeConnect C2  BL 27x/x","SubDevices","I/O Systems","No","https://www.ethercat.org/en/products/E150E63D3E2D4E05995523568CE30752.htm"
"KEBA","KeConnect C5 Modular I/O-System","SubDevices","I/O Systems","No","https://www.ethercat.org/en/products/AD5B4E48CCB14808918BA66988F22575.htm"
"Kendrion Kuhnke Automation","Kuhnke CIO EtherCAT I/O Modules in IP65","SubDevices","I/O Systems","No","https://www.ethercat.org/en/products/D515B0126CC04DF1A8C2042EB2D09878.htm"
"Kendrion Kuhnke Automation","Kuhnke FIO EtherCAT I/O Modules","SubDevices","I/O Systems","Yes","https://www.ethercat.org/en/products/B13CE0A6B4BB4C778BE7B773B05681C4.htm"
"Kendrion Kuhnke Automation","Kuhnke Smart Line Power Heat Controller","SubDevices","I/O Systems","No","https://www.ethercat.org/en/products/E50B17DBF66F4576B1096E74B8C3554B.htm"
"kk-electronic","GM60 Grid Measurement","SubDevices","I/O Systems","No","https://www.ethercat.org/en/products/3D0BBA27A2C04126BC42DF3647C94079.htm"
"kk-electronic","TS60 Turbine Surveillance","SubDevices","I/O Systems","No","https://www.ethercat.org/en/products/C765350696204BB4829F5E5D36AD2BEC.htm"
"KNESTEL Technologie & Elektronik","Tailor-made EtherCAT Slaves","SubDevices","I/O Systems","No","https://www.ethercat.org/en/products/A4FA21D93B6444C7B0B8AFC00E58182B.htm"
"Kniel System-Electronic","ELUID(S) 60W/EC Linear Regulated Digital Power Supply","SubDevices","I/O Systems","No","https://www.ethercat.org/en/products/CF5F49A6E9CB4253A48050C974DFCB94.htm"
"Kniel System-Electronic","EXWUID 20.30/EC Power Supply","SubDevices","I/O Systems","No","https://www.ethercat.org/en/products/54AC0DF1E1E44BBB952246F80DDE7E99.htm"
"Kniel System-Electronic","Power supply series VE1PUID/EC and VE3PUID/EC","SubDevices","I/O Systems","No","https://www.ethercat.org/en/products/49C4C46C3B7240BC95E2C6C36FF904B7.htm"
"Lenze","I/O system 3000","SubDevices","I/O Systems","No","https://www.ethercat.org/en/products/4BE46CFD62834C749D8637188C61BBC4.htm"
"Lenze","L-force I/O System 1000","SubDevices","I/O Systems","No","https://www.ethercat.org/en/products/C92216A8F04341DB899501894D41CE8D.htm"
"LS ELECTRIC","EtherCAT Adapter (XEL-BSSCT)","SubDevices","I/O Systems","No","https://www.ethercat.org/en/products/730E2A4D9CCB494BA25086A1075A7039.htm"
"Ma.Vi.","EtherCAT mvTBI (Terminal Board Intelligenti)","SubDevices","I/O Systems","No","https://www.ethercat.org/en/products/04794DF733D8427194291140E16C3D46.htm"
"meastream","fpgaEDGE A2","SubDevices","I/O Systems","No","https://www.ethercat.org/en/products/65C307A725BF4A1DBF346D1679C2A647.htm"
"meastream","fpgaEDGE A6","SubDevices","I/O Systems","No","https://www.ethercat.org/en/products/CF69BBC2D37243CD8BC20C0A639AA87A.htm"
"Meusburger Deutschland","flexoTEMP PCU NEXT","SubDevices","I/O Systems","No","https://www.ethercat.org/en/products/1DF0BCF215764C3682272BBED3AB73E8.htm"
"Meusburger Deutschland","THYPO","SubDevices","I/O Systems","No","https://www.ethercat.org/en/products/6AD5D81C893342099E37B7C5832B8462.htm"
"MicroControl","I/O Modules SNAP - EtherCAT","SubDevices","I/O Systems","No","https://www.ethercat.org/en/products/81BB35B5FD1A433DAAC4D96120926CD1.htm"
"MicroControl","Modules 19-inch uLAB-series for industrial testing","SubDevices","I/O Systems","No","https://www.ethercat.org/en/products/745CE9247D0347FC96C14CF89E65B9F1.htm"
"MG","R8 Series EtherCAT Power/Network Module","SubDevices","I/O Systems","Yes","https://www.ethercat.org/en/products/6E112F29388F41698C4F57B5D69C6DDA.htm"
"MG","R30 Series EtherCAT Network Module","SubDevices","I/O Systems","Yes","https://www.ethercat.org/en/products/B529050D3F2D403AA5AB11F62344D607.htm"
"MKS","MicroNode I/O Compact Networked I/O","SubDevices","I/O Systems","No","https://www.ethercat.org/en/products/596B83B6548D4E11A53B971DB507AB11.htm"
"MKS","MultiTherm 2000 Modular Temperature Controller","SubDevices","I/O Systems","No","https://www.ethercat.org/en/products/B95DDA417A764174951421F8BC862F11.htm"
"Murrelektronik","Cube20S","SubDevices","I/O Systems","No","https://www.ethercat.org/en/products/47A3224D107D4D27978B18C25BE1F95D.htm"
"Murrelektronik","Cube67+","SubDevices","I/O Systems","No","https://www.ethercat.org/en/products/406B4E1CC67F45B78169BDB2244327DF.htm"
"Murrelektronik","Impact20 Modules","SubDevices","I/O Systems","No","https://www.ethercat.org/en/products/D1C869BD580D4C18908AA3ED04C411F6.htm"
"Murrelektronik","Impact67 Modules","SubDevices","I/O Systems","No","https://www.ethercat.org/en/products/2D91773DE9254AC2A5DF9A73391FA736.htm"
"NEXCOM International","AXE-9200","SubDevices","I/O Systems","No","https://www.ethercat.org/en/products/DDD2AA383FBC4F198CEEBCC06029BA00.htm"
"Nanjing DECOWELL Automation","EX-1100 (EtherCAT adapter)","SubDevices","I/O Systems","Yes","https://www.ethercat.org/en/products/465744A0C7E442A0BA14AC4B703199C2.htm"
"Nanjing DECOWELL Automation","FS series integrated bus IO module","SubDevices","I/O Systems","Yes","https://www.ethercat.org/en/products/7927AD6A13E54DC9A2CFD40BED9B5582.htm"
"Nanjing DECOWELL Automation","FS1 series fast access terminal module","SubDevices","I/O Systems","Yes","https://www.ethercat.org/en/products/F5C624297C184F3694242E5980C0FF94.htm"
"Nanjing Solidot Electronic Technology","XB6S-EC2002","SubDevices","I/O Systems","Yes","https://www.ethercat.org/en/products/CE296A7429334CC9B19D11658C54C02B.htm"
"NINGBO DEGSON TECHNOLOGY","DF20CEC","SubDevices","I/O Systems","No","https://www.ethercat.org/en/products/4DBB2EEE64C74E7081DC5DD08CF8FD89.htm"
"NUM","NUM CTMG1100 Coupler","SubDevices","I/O Systems","No","https://www.ethercat.org/en/products/3E7CB125D5664E2F82C1B662D6E74E13.htm"
"OMRON","GX Series EtherCAT I/O Modules","SubDevices","I/O Systems","Yes","https://www.ethercat.org/en/products/4924BF1317F6416AAAE9BCC411785BA6.htm"
"OMRON","NX Series EtherCAT Coupler Unit NX-ECC","SubDevices","I/O Systems","Yes","https://www.ethercat.org/en/products/314D640115E44B58B5E232DABD3AFA15.htm"
"Panasonic","SC-GU3-01","SubDevices","I/O Systems","No","https://www.ethercat.org/en/products/4094D009ECC94B2AB21826454BC93535.htm"
"PAIX","NMF-EC","SubDevices","I/O Systems","Yes","https://www.ethercat.org/en/products/E11BB2F4C21D41D68B8C1D0BBBBEEAD7.htm"
"Parker Hannifin","PACIO Parker I/O System","SubDevices","I/O Systems","No","https://www.ethercat.org/en/products/79BC96B4C09947E6ACA31011E83AC37A.htm"
"Pepperl+Fuchs","Ethernet IO Modules","SubDevices","I/O Systems","No","https://www.ethercat.org/en/products/904DC51164C44D24A9BA4A46346C69DF.htm"
"Phoenix Contact","Axioline E","SubDevices","I/O Systems","Yes","https://www.ethercat.org/en/products/D22C666C2E1A425894C37D509D7FFC26.htm"
"Phoenix Contact","Axioline F","SubDevices","I/O Systems","Yes","https://www.ethercat.org/en/products/62FCF58B35CB45B79BBCBCA39D8DABDF.htm"
"Phoenix Contact","CAPAROC PM EC","SubDevices","I/O Systems","Yes","https://www.ethercat.org/en/products/519B65432BAE4B14B43903A90AD9C768.htm"
"Phoenix Contact","IL EC BK-PAC","SubDevices","I/O Systems","Yes","https://www.ethercat.org/en/products/C500D8BB908E44EBBB8AD7334CFC6992.htm"
"Phoenix Contact Asia-Pacific (Nanjing)","SR-IO BK EC","SubDevices","I/O Systems","Yes","https://www.ethercat.org/en/products/B8C0881E079F4B798AF3E72ED81A5B71.htm"
"PRIMA ELECTRO","OPENrio","SubDevices","I/O Systems","No","https://www.ethercat.org/en/products/CD16B5DA72DF44199B8C43CC8945AB35.htm"
"SMC Group","Fieldbus Unit EX600","SubDevices","I/O Systems","Yes","https://www.ethercat.org/en/products/31F1AF1BDCED4693BE3EFB51413ED526.htm"
"Protech Systems","SI-Xx08","SubDevices","I/O Systems","No","https://www.ethercat.org/en/products/C63D85B0FAC84E12851FFC9557BE1679.htm"
"Sontheim Industrie Elektronik","EC-DIO32","SubDevices","I/O Systems","No","https://www.ethercat.org/en/products/464B87F542AB4D67B61E8CC31A18A26D.htm"
"T.P.A. Tecnologie e Prodotti per l'Automazione","TRS-CAT","SubDevices","I/O Systems","No","https://www.ethercat.org/en/products/22C0E2CC0EC44AD0ADC9D9AF4AD4AC55.htm"
"T.P.A. Tecnologie e Prodotti per l'Automazione","TRS67-16I","SubDevices","I/O Systems","No","https://www.ethercat.org/en/products/6CBC3FA8EF49436EBB130C76F31063F4.htm"
"T.P.A. Tecnologie e Prodotti per l'Automazione","TRS67-8I","SubDevices","I/O Systems","No","https://www.ethercat.org/en/products/B741C3020C8B4FD083199EE4CFFD850F.htm"
"T.P.A. Tecnologie e Prodotti per l'Automazione","TRS67-8I-8O","SubDevices","I/O Systems","No","https://www.ethercat.org/en/products/760F655B32EE40A7AB62691DBD3E6EFD.htm"
"T.P.A. Tecnologie e Prodotti per l'Automazione","TRS67-8O","SubDevices","I/O Systems","No","https://www.ethercat.org/en/products/36AC8C3BB9694543BEBD684B9214FCE5.htm"
"Taiwan Pulse Motion (TPM)","207-A Series (Analog I/O modules)","SubDevices","I/O Systems","No","https://www.ethercat.org/en/products/3C04A4517CF14C58968B01C923831806.htm"
"Taiwan Pulse Motion (TPM)","207-D Series I/O Modules","SubDevices","I/O Systems","No","https://www.ethercat.org/en/products/56560BC58F0643B08F37737ACA355617.htm"
"Tianjin Geneuo Technology","GXEC Analog Inputs (IP67)","SubDevices","I/O Systems","No","https://www.ethercat.org/en/products/52506D33A35C4C3C8E573E529AC91A8E.htm"
"Tianjin Geneuo Technology","GXEC Digital Inputs/Outputs (IP67)","SubDevices","I/O Systems","No","https://www.ethercat.org/en/products/F1F353DEB27C4FF3ADF528F5058ED681.htm"
"Tianjin Geneuo Technology","GXEC20 Digital Input/Output Modules","SubDevices","I/O Systems","No","https://www.ethercat.org/en/products/5CA2856A5F6C49A9A94B652B526FA405.htm"
"Tianjin Geneuo Technology","GXCPI-EC","SubDevices","I/O Systems","No","https://www.ethercat.org/en/products/0999100C60224B0186647B318150B0F2.htm"
"Trio Motion Technology","EtherCAT Flexslice System","SubDevices","I/O Systems","No","https://www.ethercat.org/en/products/0DDA2B3D79E94E75A2A7C9042EEE6EDD.htm"
"TRsystems, Systembereich Unidor","CombiBOX Analog Cbox A","SubDevices","I/O Systems","No","https://www.ethercat.org/en/products/E0F7EC473A9843EEBF8F5252ACFD4F6B.htm"
"TRsystems, Systembereich Unidor","CombiBOX Digital Cbox D","SubDevices","I/O Systems","No","https://www.ethercat.org/en/products/C68F1777478A48F38DF8801248949CBC.htm"
"TRsystems, Systembereich Unidor","EtherCAT Charge Amplifier PSA4","SubDevices","I/O Systems","No","https://www.ethercat.org/en/products/3A11249CB62A45B78426DC48EFE2B41B.htm"
"U.I. Lapp","Remote I/O IP67","SubDevices","I/O Systems","No","https://www.ethercat.org/en/products/E646BDE22E4F4212A9803A29EB1BF62E.htm"
"UNITRO-Fleischmann","EC Analog & Digital I/O","SubDevices","I/O Systems","No","https://www.ethercat.org/en/products/6174B632B98B46B399B1BC81610B521C.htm"
"Unitronics","URB-EC1  UniStream Remote IO EtherCAT Adapter","SubDevices","I/O Systems","No","https://www.ethercat.org/en/products/5A67D8C7313E4CEE9C6005571117212C.htm"
"ViE Technologies","ViCAT Configurable I/O iD5724-76","SubDevices","I/O Systems","No","https://www.ethercat.org/en/products/1D304EB6F7D4442983DF215175F822DC.htm"
"ViE Technologies","ViCAT Remote I/O Series","SubDevices","I/O Systems","No","https://www.ethercat.org/en/products/78CC8C15F0BA45BA8012BE9E78F29A9F.htm"
"Yaskawa","System SLIO","SubDevices","I/O Systems","Yes","https://www.ethercat.org/en/products/334DA079CDDF479AA46DA64B31BC559D.htm"
"WAGO","EtherCAT Fieldbus Couplers for WAGO-I/O-System","SubDevices","I/O Systems","Yes","https://www.ethercat.org/en/products/6093F22F0EB04778BDC8B05553B0FD95.htm"
"Watlow","EZ-ZONE RM Modular Temperature and Process Controller","SubDevices","I/O Systems","Yes","https://www.ethercat.org/en/products/609CE33C3CC94B8FB1F43689A526BAC9.htm"
"Watlow","Mini8 Loop Temperature and Process Controller","SubDevices","I/O Systems","No","https://www.ethercat.org/en/products/057DE133576F4EEBB33C1918B8EC0A34.htm"
"Weidmller Interface","UR67-MP-HP-8DIDO-12-60M","SubDevices","I/O Systems","No","https://www.ethercat.org/en/products/E28B7E02E426456EBDD58C075C4E0FC8.htm"
"Weidmller Interface","UR20-FBC-EC","SubDevices","I/O Systems","Yes","https://www.ethercat.org/en/products/29DF52B34D354B6FB1D86B55B805144F.htm"
"wenglor sensoric","EtherCAT Junctions with PoE","SubDevices","I/O Systems","No","https://www.ethercat.org/en/products/A32BDCA4F9A048CB921FA71DDAE9ADF2.htm"
"Mitsubishi Electric Automation (China)","LR1-ECT","SubDevices","I/O Systems","Yes","https://www.ethercat.org/en/products/620F05208D3B4ED7AB62D2C735773679.htm"
"ACS Motion Control","LCI - Laser Control Interface","SubDevices","Sensors","No","https://www.ethercat.org/en/products/3D925DFDE10B4747BE4DE660BF2252C4.htm"
"Alicat Scientific","CODA Coriolis Mass Flow Meters/Controllers","SubDevices","Sensors","Yes","https://www.ethercat.org/en/products/2E445F8DDE7C42CD91BAAB3A5197C9A3.htm"
"Axetris","MFC 2172  Mass Flow Controller","SubDevices","Sensors","No","https://www.ethercat.org/en/products/1C5A480B06FE44928E6A0535E96A9864.htm"
"Balluff","4-channel Industrial RFID EtherCAT Processor","SubDevices","Sensors","No","https://www.ethercat.org/en/products/94E3252B716545EABA7CF9B699E8DE56.htm"
"Balluff","Linear Position Monitoring and Measuring Transducer","SubDevices","Sensors","No","https://www.ethercat.org/en/products/79B923A4A75D44BD9D30212D076585A3.htm"
"Balluff","Profile Style Linear Position Transducer","SubDevices","Sensors","No","https://www.ethercat.org/en/products/82E35A663E0D4EAAB21348642121EB56.htm"
"Baumer Group","Absolute Multiturn Encoder ATD 4B Series","SubDevices","Sensors","No","https://www.ethercat.org/en/products/9DCC778E1F034BBEB75334E2352F6F9B.htm"
"Baumer Group","Absolute Multiturn Encoder GXMMW","SubDevices","Sensors","No","https://www.ethercat.org/en/products/F5A3FE3A6F24423A9245A9FC0592795D.htm"
"Baumer Group","HMG10-B - EtherCAT","SubDevices","Sensors","No","https://www.ethercat.org/en/products/07C80ABA74D64B02ABF07B3CAD89334E.htm"
"Baumer Group","MAGRES EAM580","SubDevices","Sensors","Yes","https://www.ethercat.org/en/products/0642A52486804C889CD3346F72B6DE5E.htm"
"Baumer Group","OptoTurn EAL580 Encoder","SubDevices","Sensors","Yes","https://www.ethercat.org/en/products/CDE71D342E6641FBA60D342CDF443753.htm"
"BECKHOFF Automation","Position Measurement Terminals","SubDevices","Sensors","No","https://www.ethercat.org/en/products/2CA4C55F89944244A7CBFC2B201ED0F9.htm"
"BEI Sensors","Absolute Multi-Turn Encoder, MHM5 Range","SubDevices","Sensors","No","https://www.ethercat.org/en/products/F6C25435E38942D3BE7B8388228DEDCC.htm"
"Beijing Sevenstar Flow","CS Series Products (MFC)","SubDevices","Sensors","Yes","https://www.ethercat.org/en/products/BE1B5412C2E94C86A34B2473160D2085.htm"
"Bota Systems","LaxONE","SubDevices","Sensors","No","https://www.ethercat.org/en/products/B24CA178E03547B4B50BC0E9575EE24A.htm"
"Bota Systems","Medusa","SubDevices","Sensors","No","https://www.ethercat.org/en/products/0B0A922BD39F4A5F84B2CA1D7FC14CD1.htm"
"Bota Systems","MegaONE","SubDevices","Sensors","No","https://www.ethercat.org/en/products/EDBB2D25DDC04C9C891FCDFBF9E3B2D6.htm"
"Bota Systems","MiniONE Pro","SubDevices","Sensors","No","https://www.ethercat.org/en/products/1B3CA274A9214AA59594D18684E2DF70.htm"
"Bota Systems","Rokubi","SubDevices","Sensors","No","https://www.ethercat.org/en/products/CCB8E425802E45829EED470B93F3BB62.htm"
"Bota Systems","SensONE","SubDevices","Sensors","No","https://www.ethercat.org/en/products/EE41EED00B72418FA593A9FB90D93F31.htm"
"Bronkhorst","Mass Flow and Pressure Meters/Controllers","SubDevices","Sensors","No","https://www.ethercat.org/en/products/FB886998EE6F4D159FB48E35F95EC9A7.htm"
"Bronkhorst","Mini CORI-FLOW Series ML120","SubDevices","Sensors","No","https://www.ethercat.org/en/products/20EAF1ACBF4B43D09B6101555BE5E6D8.htm"
"Brooks Instrument","GF100 Series EtherCAT Mass Flow Controllers","SubDevices","Sensors","No","https://www.ethercat.org/en/products/2BAECCBE217E41E09CC3F9A389AD79EC.htm"
"Brooks Instrument","GF40 Series EtherCAT Mass Flow Controllers","SubDevices","Sensors","No","https://www.ethercat.org/en/products/3F4643A2D0C44E90BF489F916DB33A72.htm"
"Brooks Instrument","SLA5800 Series EtherCAT Mass Flow Controllers","SubDevices","Sensors","No","https://www.ethercat.org/en/products/255696466C264EE8AA8C49D1302CA04B.htm"
"BST","RSH-EC - Register Mark Sensor","SubDevices","Sensors","No","https://www.ethercat.org/en/products/1340026604474395828ADF37F0CA2B0B.htm"
"burster przisionsmesstechnik","DIGIFORCE 9307","SubDevices","Sensors","No","https://www.ethercat.org/en/products/C2F94AF13F7E4482A676D240ACD8FFDD.htm"
"Brkert Werke","Mass Flow Controller (MFC) / Meter (MFM) Type 8741","SubDevices","Sensors","No","https://www.ethercat.org/en/products/51677829EFBD4347BEEE5DCE81C294BE.htm"
"dieEntwickler Elektronik","RapidoScan Light Grids","SubDevices","Sensors","No","https://www.ethercat.org/en/products/4C61A1DDF6F24FC4B9D4A3950189EE81.htm"
"DIMETIX","D-Series laser distance sensor","SubDevices","Sensors","No","https://www.ethercat.org/en/products/1B30034110754B99A6B50EC4A4B56BF9.htm"
"ELAP","Encoder MEM-Bus","SubDevices","Sensors","Yes","https://www.ethercat.org/en/products/EDB106661FDE4DF58139B32BE03263ED.htm"
"ELCO Industry Automation","ABSOLUTE ROTARY ENCODER for EtherCAT","SubDevices","Sensors","Yes","https://www.ethercat.org/en/products/DE7D8C0309C6417EB500D5649AB31883.htm"
"Eltra","AAM 58 B / C / F R EtherCAT","SubDevices","Sensors","Yes","https://www.ethercat.org/en/products/19229A334E5A4AD28A842F922F209083.htm"
"FRABA (Germany)","IXARC Rotary Encoder","SubDevices","Sensors","Yes","https://www.ethercat.org/en/products/6ED053BE18574C9BBE2672D75E14AA0E.htm"
"Kbler","F58 EtherCAT","SubDevices","Sensors","Yes","https://www.ethercat.org/en/products/095333FD8D5F4524BEB5AB1F1184BDC6.htm"
"Kbler","Sendix Absolute Multiturn Encoders","SubDevices","Sensors","Yes","https://www.ethercat.org/en/products/6EE81816EB974166BACEE781B6A13B60.htm"
"Gable Technologies","Gable-IMU ONE Series","SubDevices","Sensors","No","https://www.ethercat.org/en/products/6057467647D942EB9E793E0B7AEF6315.htm"
"GTM Testing and Metrology","In-Line Amplifier (ILA)","SubDevices","Sensors","No","https://www.ethercat.org/en/products/D9B09B8773B844B58077DBD819131B51.htm"
"HBM","ClipX","SubDevices","Sensors","No","https://www.ethercat.org/en/products/FBF25BFF1351413D97DA8A1662BCDB94.htm"
"HBM","PMX  Industrial Measuring Amplifier","SubDevices","Sensors","No","https://www.ethercat.org/en/products/C202D64D6A9C4950BC9801260686F7A7.htm"
"HBM","TIM-EC - Torque Interface Module EtherCAT","SubDevices","Sensors","No","https://www.ethercat.org/en/products/1DDA65ED70E84153B4C7A496F72F53CD.htm"
"Hengstler","Absolute Multi- and Singleturn Encoder ACURO AC58","SubDevices","Sensors","Yes","https://www.ethercat.org/en/products/B70DE5349A8F412EB593D80B4BC2B642.htm"
"Hbner","AME 40, AMEH 40","SubDevices","Sensors","No","https://www.ethercat.org/en/products/19A40FCDE12D42CBB4282027B5E7B257.htm"
"Hbner","ASE 40, ASEH 40","SubDevices","Sensors","No","https://www.ethercat.org/en/products/110189D853AB4067B279FB3E4A3E0716.htm"
"Hbner","ASEH 60","SubDevices","Sensors","No","https://www.ethercat.org/en/products/7F91A0953ED24E3996C8ADE46F3CB210.htm"
"Hbner","MAGA E 160900","SubDevices","Sensors","No","https://www.ethercat.org/en/products/ED730FD2B0DA4440874A2A1490CD87AB.htm"
"INFICON","BCG450 Bayard-Alpert Pirani Capacitance Diaphragm Vacuum Gauge - Triple Gauge","SubDevices","Sensors","Yes","https://www.ethercat.org/en/products/42FF4827B8CE405596605900E08C4CFB.htm"
"INFICON","BPG402-S Bayard-Alpert Pirani Vacuum Gauge","SubDevices","Sensors","No","https://www.ethercat.org/en/products/C3AAC9D59AB046F5A962077958609C54.htm"
"INFICON","CDG045D SKY Capacitance Diaphragm Vacuum Gauges","SubDevices","Sensors","No","https://www.ethercat.org/en/products/5943A255A50447A2B8293A08CC4CE53B.htm"
"INFICON","CDG100D, 160D, 200D SKY Capacitance Diaphragm Vacuum Gauges","SubDevices","Sensors","No","https://www.ethercat.org/en/products/8C1B519D4BF24AEF90BB628B6B0AB40E.htm"
"INFICON","Edge CDG025D2","SubDevices","Sensors","No","https://www.ethercat.org/en/products/98052A7214FC4533989D7B9160AF86C5.htm"
"INFICON","Edge - CDG045D2 & CDG100D2 High Precision Vacuum Gauge","SubDevices","Sensors","No","https://www.ethercat.org/en/products/6B8D1697774E4AE08DD5B96BD3EF3B5E.htm"
"INFICON","Gemini MxG55x","SubDevices","Sensors","No","https://www.ethercat.org/en/products/E77ADFDE16E84487BA7F172D65028997.htm"
"INFICON","PCG55x Pirani Capacitance Diaphragm Vacuum Gauge","SubDevices","Sensors","No","https://www.ethercat.org/en/products/F0A394499B594776B3A8DFC858C2DCD4.htm"
"INFICON","PSG55x Pirani Standard Vacuum Gauge","SubDevices","Sensors","No","https://www.ethercat.org/en/products/0B0E841D92F34617A3CAE659142D34E3.htm"
"INFICON","Stripe CDG045Dhs","SubDevices","Sensors","No","https://www.ethercat.org/en/products/A8D4B765E05247CA852BB8BCC18AA4F6.htm"
"INFICON","Trigon BAG552 Bayard-Alpert SingleGauge","SubDevices","Sensors","No","https://www.ethercat.org/en/products/1E192428F52C4E52A492397C130AE548.htm"
"INFICON","Trigon BCG552 Bayard-Alpert Pirani Capacitance Diaphragm TripleGauge","SubDevices","Sensors","Yes","https://www.ethercat.org/en/products/8A250DE214AF46EEB48F32DDF445F862.htm"
"INFICON","Trigon BPG552 Bayard-Alpert Pirani DualGauge","SubDevices","Sensors","No","https://www.ethercat.org/en/products/EC68A1CABF4841A28B026EB9677AC9C3.htm"
"KEYENCE","DL-EC1A","SubDevices","Sensors","Yes","https://www.ethercat.org/en/products/530DDD4B6FDF48428F938F7905EC9537.htm"
"KEYENCE","NU-EC1","SubDevices","Sensors","Yes","https://www.ethercat.org/en/products/FA70F996D68544ECBD901284683DEF1E.htm"
"Kistler Instrumente","KiTorq","SubDevices","Sensors","No","https://www.ethercat.org/en/products/C031EA7E049F4456B0F8556A6F837714.htm"
"Kistler Instrumente","maXYmos TL","SubDevices","Sensors","No","https://www.ethercat.org/en/products/BFF6B884834142898BDFE847F4433302.htm"
"KOFLOC","ST-500","SubDevices","Sensors","Yes","https://www.ethercat.org/en/products/5C1439BB91EE494E980DB3A87FD7AF60.htm"
"LAUMAS Elettronica","LCBETHERCAT Load Cells Universal Digitizer","SubDevices","Sensors","No","https://www.ethercat.org/en/products/0E6555B01A4F4682B415C6B8E705FC94.htm"
"LAUMAS Elettronica","TLB4 ETHERCAT Multi-Channel Weight Transmitter","SubDevices","Sensors","No","https://www.ethercat.org/en/products/D4E20F34BB55453EB0158233FB63CEF8.htm"
"LAUMAS Elettronica","TLBETHERCAT","SubDevices","Sensors","No","https://www.ethercat.org/en/products/556F9606B74E4131A2322F1FACD702FB.htm"
"LAUMAS Elettronica","TLM8 ETHERCAT Multi-Channel Weight Transmitter","SubDevices","Sensors","No","https://www.ethercat.org/en/products/28DB53A1EFA542BD9C0F314917380718.htm"
"Leine & Linde","IXA 600 EtherCAT Absolute Multi- and Singleturn Encoder","SubDevices","Sensors","Yes","https://www.ethercat.org/en/products/856FA4FD703E469FA2FC036204D910AC.htm"
"Leine & Linde","PXE EtherCAT Absolute Multi- and Singleturn Encoder","SubDevices","Sensors","Yes","https://www.ethercat.org/en/products/410C0F63F380466A90A2ADDA548F7306.htm"
"Lenord + Bauer","Tower Oszillation Monitor GEL 3010","SubDevices","Sensors","No","https://www.ethercat.org/en/products/701184DEF90F49DD8A7982F19C193053.htm"
"Leuze","AMS 338i - Absolute laser distance measurement system","SubDevices","Sensors","No","https://www.ethercat.org/en/products/7C58740484A74BAF99AF67E6362810F1.htm"
"Leuze","BPS 338i - Barcode Positioning System","SubDevices","Sensors","No","https://www.ethercat.org/en/products/5109D160E3E0462DA9DDAA38C2475A10.htm"
"Lika Electronic","EM58, HM58, HS58 Rotary Encoders","SubDevices","Sensors","No","https://www.ethercat.org/en/products/28D1100828BB4CB8B02430A4CBE30288.htm"
"Lika Electronic","SMA5 Linear Absolute Encoder","SubDevices","Sensors","No","https://www.ethercat.org/en/products/C5F141B9AE044CE084B04570AAD531E9.htm"
"Magnescale","MG50","SubDevices","Sensors","No","https://www.ethercat.org/en/products/43D881FB864344079D5AABD01EAD0FAD.htm"
"Mettler-Toledo","IND360","SubDevices","Sensors","Yes","https://www.ethercat.org/en/products/C2225DE786594E4C87508BE039B15696.htm"
"MICRO-EPSILON","capaNCDT 6500","SubDevices","Sensors","No","https://www.ethercat.org/en/products/BCBA032275934C3797BA511D02418992.htm"
"MICRO-EPSILON","confocalDT IFC2471 HS","SubDevices","Sensors","Yes","https://www.ethercat.org/en/products/A926DD3B0A124BEDBE7645B976BBF27C.htm"
"MICRO-EPSILON","CSP2008 Extension Terminal RS422 and EtherCAT","SubDevices","Sensors","Yes","https://www.ethercat.org/en/products/BD6DB6F89B3545B59E1CCB5B7ECAF437.htm"
"MICRO-EPSILON","IF1032/ETH Interface Module","SubDevices","Sensors","No","https://www.ethercat.org/en/products/31F0C6C66761440783979F0220C10361.htm"
"MICRO-EPSILON","optoNCDT 2300","SubDevices","Sensors","No","https://www.ethercat.org/en/products/E4625DD36A1F40DBB6006815E5BD75B7.htm"
"Mitutoyo","IF Module for LSM Controller / LSM-EC-A","SubDevices","Sensors","Yes","https://www.ethercat.org/en/products/CB10333853024E3CA8AECC3BC964EE3C.htm"
"Mitutoyo","Interface Unit for Linear Gage / 21HZA264","SubDevices","Sensors","Yes","https://www.ethercat.org/en/products/38FDA6E236AB4864BD556E870C95DE50.htm"
"MKS","DA02A e-Baratron Capacitance Manometer","SubDevices","Sensors","No","https://www.ethercat.org/en/products/81BEDC23E3FB46D89F333E998E271487.htm"
"MKS","DA03A e-Baratron High Temperature Capacitance Manometer","SubDevices","Sensors","No","https://www.ethercat.org/en/products/9B844E2054324CAD8678FACDDE87159E.htm"
"MKS","DeltaIII  Flow Ratio Controller","SubDevices","Sensors","No","https://www.ethercat.org/en/products/C6DCA6AC1A0C4947841BD31160BF5262.htm"
"MKS","G-Series Mass Flow Controller","SubDevices","Sensors","No","https://www.ethercat.org/en/products/64378A63AED94181BC629AC94200188D.htm"
"MKS","G Series Pressure Controller","SubDevices","Sensors","No","https://www.ethercat.org/en/products/3F14EC954885424A94CF4E1C7A9C7F48.htm"
"MKS","P Series Pressure Controller","SubDevices","Sensors","No","https://www.ethercat.org/en/products/28D5A2858F8647FCB45C5A9E7D856A02.htm"
"OMRON","Confocal Fiber Displacement Sensor ZW-8000/7000/5000 Series","SubDevices","Sensors","Yes","https://www.ethercat.org/en/products/C660699C3FFA4F29A817671472EB5460.htm"
"OMRON","E3X-HD Smart Fiber Sensor","SubDevices","Sensors","Yes","https://www.ethercat.org/en/products/A4FA6F06F8684A85B9A308DCD3AB1F15.htm"
"OMRON","FH Series Vision System","SubDevices","Sensors","Yes","https://www.ethercat.org/en/products/20E894C0A034475999815C75D1A1E267.htm"
"OMRON","FQ-M Series Vision Sensor","SubDevices","Sensors","Yes","https://www.ethercat.org/en/products/38E46BCD439B48FD8D7E7FFFB1854418.htm"
"OMRON","N-Smart Sensor Series","SubDevices","Sensors","No","https://www.ethercat.org/en/products/5C40856208794DBB81F25B3678D47A52.htm"
"OMRON","Smart Camera FHV7","SubDevices","Sensors","Yes","https://www.ethercat.org/en/products/1BA7298C885F4508BF4BCC4BBE788283.htm"
"Optris","Pyrometers CTi series","SubDevices","Sensors","Yes","https://www.ethercat.org/en/products/221680A50D864DA1BD7ED54EAAFB7E2F.htm"
"Optris","Pyrometers CTratio series","SubDevices","Sensors","Yes","https://www.ethercat.org/en/products/87AE5291C873401DBE0D9E60A422CFBD.htm"
"Panasonic","SC-GU3-03","SubDevices","Sensors","Yes","https://www.ethercat.org/en/products/405B402FAF50466EA7A31A3921FAD065.htm"
"Pepperl+Fuchs","IdentControl Compact IC-KP2-2HB21-2V1D (RFID)","SubDevices","Sensors","No","https://www.ethercat.org/en/products/E60F1811C9AC478C8251201FDB2A8954.htm"
"PRIMES","PMM EtherCAT AP3s","SubDevices","Sensors","No","https://www.ethercat.org/en/products/7CAABCE3B68841848F3CF9F4CFB9CC8F.htm"
"PRIMES","PMM EtherCAT AP3sM","SubDevices","Sensors","No","https://www.ethercat.org/en/products/AE46563A74374602AEEEF4E5701693E8.htm"
"PRIMES","PMM EtherCAT AP3s BG","SubDevices","Sensors","No","https://www.ethercat.org/en/products/E220CD1525DC46699244194DB0ACE89C.htm"
"Proterial","Mass Flow Controller HG200E","SubDevices","Sensors","Yes","https://www.ethercat.org/en/products/81ABABAA2B41409F99063790CEECF941.htm"
"Redcur","ECC - EtherCAT Current Converter","SubDevices","Sensors","No","https://www.ethercat.org/en/products/57C9703946B343218FA42387D6C93DB6.htm"
"SICK","Absolute Encoders AFS/AFM60 EtherCAT","SubDevices","Sensors","Yes","https://www.ethercat.org/en/products/901351B060174C2AA9304572AEB69A27.htm"
"SICK","CDF600-0300 EtherCAT","SubDevices","Sensors","Yes","https://www.ethercat.org/en/products/C6AEA5525DC543C68ED3D5720B115054.htm"
"SICK","Inspector PI50 EtherCAT Vision Sensor","SubDevices","Sensors","No","https://www.ethercat.org/en/products/FFDB2F798CC14556B98234136065281E.htm"
"SICK","MLG-2 ProNet Light Grids","SubDevices","Sensors","Yes","https://www.ethercat.org/en/products/E3655CDBB0AC49339ECB7244206D3CAE.htm"
"SINTOKOGIO","SINTO EtherCAT Converter (SFS-EC01)","SubDevices","Sensors","Yes","https://www.ethercat.org/en/products/DF9FFB71ED1A4B3BA97A86025919F035.htm"
"Temposonics","Temposonics R-Series V EtherCAT Position Sensor","SubDevices","Sensors","Yes","https://www.ethercat.org/en/products/716E4EC205644BF78963C6A7B524C1D1.htm"
"Thyracont Vacuum Instruments","Smartline Vacuum Transducers","SubDevices","Sensors","No","https://www.ethercat.org/en/products/6243AF8223EE4156B1308582094E2260.htm"
"TR-Electronic","Absolute Encoder CEH802 ETC","SubDevices","Sensors","No","https://www.ethercat.org/en/products/807CEF221FB14411801A07D28C08BFBD.htm"
"TR-Electronic","Absolute Encoder CMV582-ETC","SubDevices","Sensors","Yes","https://www.ethercat.org/en/products/BFC2C319F6824EC0AF0EB04A4572ACE8.htm"
"TR-Electronic","Absolute Rotary Encoder CDH75M ETC+FS","SubDevices","Sensors","Yes","https://www.ethercat.org/en/products/39718914D0E542B499890B858FF801F4.htm"
"TR-Electronic","Absolute Rotary Multiturn Encoder CEV58M-ETC","SubDevices","Sensors","Yes","https://www.ethercat.org/en/products/B4DD937C8AC04578AB1DCEC6A0774FDC.htm"
"TR-Electronic","Linear Absolute Encoders","SubDevices","Sensors","No","https://www.ethercat.org/en/products/5716D77DF0994F758A7BD04EBA4DB430.htm"
"TR-Electronic","LMP 46 ETC","SubDevices","Sensors","Yes","https://www.ethercat.org/en/products/5FECAAE7482D4CC7BE356D317A70C481.htm"
"TRsystems, Systembereich Unidor","CombiBOX Analog Cbox A","SubDevices","Sensors","No","https://www.ethercat.org/en/products/B66D4E6A405C45978CCDA3FEDC9A191B.htm"
"TRsystems, Systembereich Unidor","CombiBOX Digital Cbox D","SubDevices","Sensors","No","https://www.ethercat.org/en/products/2A10D688DEBE478293749CBC0ED03689.htm"
"TRsystems, Systembereich Unidor","EtherCAT Charge Amplifier PSA4","SubDevices","Sensors","No","https://www.ethercat.org/en/products/F4DEAAB3AB1E4AC0AA29E7070B24DBBD.htm"
"Turck","TBEC-LL-4RFID-8DXP","SubDevices","Sensors","No","https://www.ethercat.org/en/products/98080B5349F944D790200F890A488E53.htm"
"TWK-ELEKTRONIK","Absolute Multiturn Encoder TRK","SubDevices","Sensors","Yes","https://www.ethercat.org/en/products/9395755AAE4644F1906B5FA3F2778AFF.htm"
"TWK-ELEKTRONIK","Magnetostrictive Linear Transducers","SubDevices","Sensors","No","https://www.ethercat.org/en/products/1CA3784BA1FB45C79CC8B0E7182BF996.htm"
"ULVAC","Multi ionization gauge SH200-E","SubDevices","Sensors","No","https://www.ethercat.org/en/products/829BF3E70682427EA116FE1D595F027C.htm"
"ULVAC","Multi ionization gauge ST200-E","SubDevices","Sensors","No","https://www.ethercat.org/en/products/F6449DDE4F594C14AEDE61A5B09E60C9.htm"
"Wachendorff Automation","Absolute Multi- and Singleturn Encoder WDGA 58A","SubDevices","Sensors","Yes","https://www.ethercat.org/en/products/DD88557167F745878F06FC6639B17D77.htm"
"Wachendorff Automation","Absolute Multi- and Singleturn Encoder WDGA 58B","SubDevices","Sensors","Yes","https://www.ethercat.org/en/products/193CED31AB264F269F25B8942842CEF6.htm"
"Wachendorff Automation","Absolute Multi- and Singleturn Encoder WDGA 58D","SubDevices","Sensors","Yes","https://www.ethercat.org/en/products/F5948E41432347F885C954AC9D488107.htm"
"Wachendorff Automation","Absolute Multi- and Singleturn Encoder WDGA 58E","SubDevices","Sensors","Yes","https://www.ethercat.org/en/products/E21FFFC9C3894B50B41DB7BCAEBBBC48.htm"
"Wachendorff Automation","Absolute Multi- and Singleturn Encoder WDGA 58F","SubDevices","Sensors","Yes","https://www.ethercat.org/en/products/EC24A893509D4D7DB36367CCF097F53E.htm"
"wenglor sensoric","High-Performance Distance Sensors OCP","SubDevices","Sensors","No","https://www.ethercat.org/en/products/E4BC7DBF5941461EBFEA60D13B14D231.htm"
"wenglor sensoric","High-Performance Distance Sensors OY2TA","SubDevices","Sensors","No","https://www.ethercat.org/en/products/5DF1B4F387084FBDA51A61FF258EC0E1.htm"
"WIEDEG Elektronik","Intelligent Print Mark Detection Sensor IDS","SubDevices","Sensors","No","https://www.ethercat.org/en/products/78F15F3CB3024F8CBDE6DB01BB16EAD4.htm"
"WIKA","WUD 2x E Ultra high purity transducer with display, EtherCAT","SubDevices","Sensors","Yes","https://www.ethercat.org/en/products/70E7A82CF6AC4CB6849D7EB2C9E78418.htm"
"Optris","CTi LT","SubDevices","Sensors","Yes","https://www.ethercat.org/en/products/A2FEEBE9475943CD8C588E956941721E.htm"
"Optris","CTi LThot","SubDevices","Sensors","Yes","https://www.ethercat.org/en/products/0AA225E08A0643E5A0DD42618A01E327.htm"
"BECKHOFF Automation","EtherCAT I/O Products, Coupler, Junction/Extention","SubDevices","Topology Components","Yes","https://www.ethercat.org/en/products/CFEDFEB674404CCDA200D77CA0CEDC0A.htm"
"BECKHOFF Automation","Infrastructure Components, Junction, Media Converter, Multiplier, Fieldbuscards","SubDevices","Topology Components","No","https://www.ethercat.org/en/products/AB154AD8C8E24CDD89B6F76F34888FE2.htm"
"BECKHOFF Automation","Power Supply PS2000 with EtherCAT Interface","SubDevices","Topology Components","Yes","https://www.ethercat.org/en/products/CFC639F58F4A4B23AB71EC27864B7D63.htm"
"H4","QCAT106 - 6-Way EtherCAT Switch","SubDevices","Topology Components","No","https://www.ethercat.org/en/products/FB905CB247624216B098B25706BCC49E.htm"
"ICP DAS","ECAT-2000 Junction Modules","SubDevices","Topology Components","No","https://www.ethercat.org/en/products/C7E5FCE972A44F1C95D9FA8B4CCC1C41.htm"
"kk-electronic","PS60 Power Supply","SubDevices","Topology Components","No","https://www.ethercat.org/en/products/0E37A6CF2426407EA38462713C2636AA.htm"
"Lenord + Bauer","PowerDRIVE-Box GEL 6505","SubDevices","Topology Components","No","https://www.ethercat.org/en/products/2C438B646EA44DDA92F8A5A70F82B54E.htm"
"Moxa","EJS-04/08 EtherCAT Junction","SubDevices","Topology Components","Yes","https://www.ethercat.org/en/products/6EC91BAE8E9D4172B9ADC9D6F053FB14.htm"
"Murrelektronik","Vario-X Powersupply 48VDC 75A","SubDevices","Topology Components","No","https://www.ethercat.org/en/products/9178238B42AA48A0880C5059DC09B56A.htm"
"Murrelektronik","Vario-X Powersupply 48VDC 10A","SubDevices","Topology Components","No","https://www.ethercat.org/en/products/AD30A7CA0CDE48EA869D8F34512B57C0.htm"
"Murrelektronik","Vario-X Powersupply 24VDC 20A","SubDevices","Topology Components","No","https://www.ethercat.org/en/products/9A04519433C44B69B7E0685BFC1F1332.htm"
"OMRON","GX-JC03/JC06 EtherCAT Junction Slave","SubDevices","Topology Components","Yes","https://www.ethercat.org/en/products/031623DF42FD4AAA99F2540BF002E5C6.htm"
"Phoenix Contact","Uninterruptible Power Supply - QUINT4-UPS/24DC/24DC/40/EC","SubDevices","Topology Components","Yes","https://www.ethercat.org/en/products/C6B384CB490C456CBB10EA7510217FA3.htm"
"PULS","Decentralized FIPEOS power supplies","SubDevices","Topology Components","No","https://www.ethercat.org/en/products/D3CB340804FA4CA39EA76898985CC9CA.htm"
"PULS","DIN rail power supplies with EtherCAT","SubDevices","Topology Components","No","https://www.ethercat.org/en/products/31F190A020D54DD4B2DCB40D17D16748.htm"
"wenglor sensoric","EtherCAT Junctions with PoE","SubDevices","Topology Components","No","https://www.ethercat.org/en/products/A613F2E7847D45EE91FD9ECC5661F5F8.htm"
"AUTOMATA","S3EC Sercos/EtherCAT-Bridge","SubDevices","Gateways","No","https://www.ethercat.org/en/products/42C94F438FFD4802B98211D9FC412DC1.htm"
"Bachmann electronic","ECS200 EtherCAT Slave","SubDevices","Gateways","No","https://www.ethercat.org/en/products/39508C17DA624364AB5401F8A6A94D57.htm"
"Balluff","IO-Link Master","SubDevices","Gateways","No","https://www.ethercat.org/en/products/CE8147ABF5B7496AB45D8905FE710DD2.htm"
"Banner Engineering","EtherCAT gateway expansion module for Banner Safety Controller","SubDevices","Gateways","No","https://www.ethercat.org/en/products/FB9B22AB745840DEB4C685995BEBA0EA.htm"
"BECKHOFF Automation","EtherCAT I/O Products, Communication/Gateways","SubDevices","Gateways","Yes","https://www.ethercat.org/en/products/7AF8F7DE8BA5425295B2148C1AD30E1E.htm"
"Bihl+Wiedemann","ASi-5/ASi-3 EtherCAT Gateway, Safety over EtherCAT (FSoE), with integrated Safety Monitor (BWU3858)","SubDevices","Gateways","Yes","https://www.ethercat.org/en/products/337C892CF975411A95790FE8FC3FCFD9.htm"
"CONTRINEX","RIS-1053-620 (HF/LF RFID system)","SubDevices","Gateways","No","https://www.ethercat.org/en/products/631E14B276FA45F0A0EBD10034DE7E17.htm"
"CSM Computer-Systeme-Messtechnik","XCP-Gateway Series","SubDevices","Gateways","No","https://www.ethercat.org/en/products/E566E014139448759F3AAB7E8D9D6898.htm"
"Deutschmann Automation","UNIGATE AS-i EtherCAT","SubDevices","Gateways","No","https://www.ethercat.org/en/products/DB909E1311F649768740C5D8D1D5760D.htm"
"Deutschmann Automation","UNIGATE CL-EtherCAT","SubDevices","Gateways","No","https://www.ethercat.org/en/products/883ACEE44C2949B5A2453B6883D932BE.htm"
"Deutschmann Automation","UNIGATE CM - EtherCAT","SubDevices","Gateways","No","https://www.ethercat.org/en/products/EF9C9D11961D4985B0778688ABD90CB1.htm"
"Deutschmann Automation","UNIGATE CX","SubDevices","Gateways","No","https://www.ethercat.org/en/products/054B2398530D496DB0E21C01E108BEF4.htm"
"Deutschmann Automation","UNIGATE EL - EtherCAT","SubDevices","Gateways","No","https://www.ethercat.org/en/products/19834C776E454BD8BCA7DB53D5B53484.htm"
"Deutschmann Automation","UNIGATE FALCON ECO - EtherCAT","SubDevices","Gateways","No","https://www.ethercat.org/en/products/C231233091694A4A94F237834C308C1F.htm"
"Deutschmann Automation","UNIGATE MB - EtherCAT","SubDevices","Gateways","No","https://www.ethercat.org/en/products/80A43F05005F407D868EAE00680DB25F.htm"
"dSPACE","EtherCAT Slave Interface","SubDevices","Gateways","No","https://www.ethercat.org/en/products/784461FD1C5F46F59CBB78C6C47D384F.htm"
"Eaton Industries","EU5C-SWD-ETHERCAT (SmartWire-DT Gateway)","SubDevices","Gateways","Yes","https://www.ethercat.org/en/products/A36FC807A11C4D50BA40031223AA9029.htm"
"emtrion","IoT Gateway Flex2COM","SubDevices","Gateways","No","https://www.ethercat.org/en/products/B03F33AB8CFC4609A90FC03834748F9F.htm"
"emtrion","RockEM IoT-Gateway","SubDevices","Gateways","No","https://www.ethercat.org/en/products/0717FE2BDF40484AB2807F68A4DEFA82.htm"
"esd electronics","ECX-EC  EtherCAT Slave Bridge","SubDevices","Gateways","No","https://www.ethercat.org/en/products/B888E4F9062148A08E320A3F41A411D6.htm"
"Granite Devices","EtherFOX","SubDevices","Gateways","No","https://www.ethercat.org/en/products/D4AFC6F28A7A43AD913718C03A1EB158.htm"
"HBM","QuantumX","SubDevices","Gateways","No","https://www.ethercat.org/en/products/B12707630C334B0FA8F4840BB4C1A05D.htm"
"Hilscher","netTAP 100","SubDevices","Gateways","No","https://www.ethercat.org/en/products/2E4CD1D6E7DD48F092A4ED438B172AB2.htm"
"Hilscher","netTAP 151","SubDevices","Gateways","No","https://www.ethercat.org/en/products/A3E5C9C046074F67AD74B4C87D05F0F7.htm"
"HMS Industrial Networks","Anybus Communicator","SubDevices","Gateways","No","https://www.ethercat.org/en/products/F48855ACC9224E5B9F3D5506A28B71A6.htm"
"HMS Industrial Networks","Anybus X-gateways","SubDevices","Gateways","No","https://www.ethercat.org/en/products/64A2A97DA3AF4E03B00AD4C672B98E07.htm"
"HMS Industrial Networks","Automotive Gateway CANnector","SubDevices","Gateways","No","https://www.ethercat.org/en/products/E035C9772B7D44A8A296C6820D49974C.htm"
"HMS Industrial Networks","Automotive Gateway Mobilizer","SubDevices","Gateways","No","https://www.ethercat.org/en/products/BA0EC9B213F94BB19F120624A2B25500.htm"
"ICOP Technology","QEC-RXXHU Series","SubDevices","Gateways","No","https://www.ethercat.org/en/products/1802F4A66C90418891EFA4EB208FC402.htm"
"ICP DAS","ECAT-2610 Modbus RTU Master Gateway Modules","SubDevices","Gateways","No","https://www.ethercat.org/en/products/92268BB0FFA74CD3A2EDFA36B121DB5B.htm"
"ifm electronic","AS-Interface AC1433, AC1434","SubDevices","Gateways","Yes","https://www.ethercat.org/en/products/A0142DA37B9646D7922610070817336C.htm"
"ifm electronic","IO-Link Master - CabinetLine AL1930","SubDevices","Gateways","Yes","https://www.ethercat.org/en/products/CA6BC9B1272647EBB54FD003672E086F.htm"
"ifm electronic","IO-Link Master - DataLine AL133x","SubDevices","Gateways","Yes","https://www.ethercat.org/en/products/E442C0A3F0E843768DC74CE1DE6209DA.htm"
"Industrial Control Communications","ECAT-1000 Multiprotocol Gateway","SubDevices","Gateways","No","https://www.ethercat.org/en/products/94FAC2A44116460DA052224C614E354B.htm"
"Interroll","MultiControl AI / BI","SubDevices","Gateways","Yes","https://www.ethercat.org/en/products/55615F91367748B0965D93B620AE66E2.htm"
"ISAC","EtherCAT Bridge","SubDevices","Gateways","No","https://www.ethercat.org/en/products/2D4502D923DF47E784BA7F34A805690D.htm"
"Kendrion Kuhnke Automation","Kuhnke EtherCAT/PROFIBUS-DP Gateway","SubDevices","Gateways","No","https://www.ethercat.org/en/products/20250289484F4530979F8F90FC28309D.htm"
"kk-electronic","CM60 Computer Module","SubDevices","Gateways","No","https://www.ethercat.org/en/products/61977C6A5AB841FC81CE48963BF8E510.htm"
"kk-electronic","TS60 Turbine Surveillance","SubDevices","Gateways","No","https://www.ethercat.org/en/products/A431177FEF114660873E1DCDF33CA902.htm"
"koenig-pa","KPA EtherCAT Gateway","SubDevices","Gateways","No","https://www.ethercat.org/en/products/5C96A1AD115A41BEA0FC5648F90465A3.htm"
"KUNBUS","GATEWAY KUNBUS-GW EtherCAT","SubDevices","Gateways","Yes","https://www.ethercat.org/en/products/3C8DA1B93BD24EAAB3174C214B82387F.htm"
"LS Mecapion","EC-JC04","SubDevices","Gateways","No","https://www.ethercat.org/en/products/1433B8A4357B4D24ABBAA342C3BD8FE3.htm"
"Lenze","EtherCAT-CAN Gateway x750","SubDevices","Gateways","No","https://www.ethercat.org/en/products/676862C5792C48D69E949273ADE8953F.htm"
"Leuze","MA 238i","SubDevices","Gateways","No","https://www.ethercat.org/en/products/7EE26E79F4A848DBA3F341D951A38445.htm"
"OMRON","GX-Series IO-Link Master (IP67)","SubDevices","Gateways","Yes","https://www.ethercat.org/en/products/8C71229E5FD34EECB923A4F55012D21B.htm"
"OMRON","NX-Series IO-Link Master (IP20)","SubDevices","Gateways","No","https://www.ethercat.org/en/products/790436BA089447D88553355334D6DA63.htm"
"OPTEX FA","EtherCAT Communication Unit UC1-EC","SubDevices","Gateways","No","https://www.ethercat.org/en/products/AC6794D14AF4483E9A5BF2982B20005A.htm"
"OPTEX FA","IO-Link Master UR-ES16DT","SubDevices","Gateways","No","https://www.ethercat.org/en/products/C9F8E95262264A60B23DBE6864F083F2.htm"
"ORIENTAL MOTOR","Network Converter NETC01-ECT","SubDevices","Gateways","Yes","https://www.ethercat.org/en/products/6F90B277AE3144D78F790504D7867E9C.htm"
"Parker Hannifin","P2M Industrial Ethernet","SubDevices","Gateways","Yes","https://www.ethercat.org/en/products/B595CC0678EF417BB89EA6AD1C41FF78.htm"
"port","EtherCAT Server","SubDevices","Gateways","No","https://www.ethercat.org/en/products/A44D2694F09B43579549BF246E26A716.htm"
"REO","REOGATE EC","SubDevices","Gateways","Yes","https://www.ethercat.org/en/products/ABE61135DC7A40229CBA730A822ACBB4.htm"
"Schildknecht","DATAEAGLE 2730","SubDevices","Gateways","No","https://www.ethercat.org/en/products/4F66C417A3A44BE9B71564191AC0FC31.htm"
"Schildknecht","DATAEAGLE 7050","SubDevices","Gateways","No","https://www.ethercat.org/en/products/8ECE05D8CFDB4540800A0A687BCC9B1B.htm"
"Robox","SINAMICS S120 EtherCAT interface","SubDevices","Gateways","Yes","https://www.ethercat.org/en/products/EF75B0A7D23F4CB1AC5EFD36F1E42E44.htm"
"SICK","EtherCAT Gateway WI180C-EC","SubDevices","Gateways","Yes","https://www.ethercat.org/en/products/7F27BA6AC18A4E9BACC2504DDB8F1025.htm"
"SICK","Sensor Integration Gateway SIG350","SubDevices","Gateways","No","https://www.ethercat.org/en/products/2ABB61076CB44C0881D4EC28C0A1CE10.htm"
"SICK","SIG300 - IO-Link Master","SubDevices","Gateways","No","https://www.ethercat.org/en/products/9220ED9BA07144E58A3566BE7CCEAE48.htm"
"esd electronics","CAN-EtherCAT/2-FD","SubDevices","Gateways","No","https://www.ethercat.org/en/products/244DFE9204424AE5BD8BB5D0044BD5E6.htm"
"T.P.A. Tecnologie e Prodotti per l'Automazione","TRS67-IOLINK","SubDevices","Gateways","No","https://www.ethercat.org/en/products/6685AD7618044A3C95CFDC748EF75C45.htm"
"Wieland Electric","SP-EN-ETC (samosPRO-Gateway for EtherCAT)","SubDevices","Gateways","No","https://www.ethercat.org/en/products/F008FC81FB0B4A51BCB50B69566BA1C2.htm"
"Bachmann electronic","ECS200 EtherCAT Slave","SubDevices","Interface Cards","No","https://www.ethercat.org/en/products/21EC40389F1349639D9EA665680AEBD2.htm"
"BECKHOFF Automation","PCI EtherCAT slave card FC1100","SubDevices","Interface Cards","No","https://www.ethercat.org/en/products/92F6D9A027D54BABBBEAFA8F34EA1174.htm"
"BECKHOFF Automation","PCIe EtherCAT slave card FC1121","SubDevices","Interface Cards","No","https://www.ethercat.org/en/products/B139D125B47C423DBB492FB421B249A6.htm"
"DLR Institute of Robotics and Mechatonics","EtherCAT Slave Plug-In Card","SubDevices","Interface Cards","No","https://www.ethercat.org/en/products/CAF6320002744F74ACE0F2562006AE8A.htm"
"esd electronics","ECS-PCIe/FPGA","SubDevices","Interface Cards","No","https://www.ethercat.org/en/products/51D7A77E729A408FBBB8079547168BBD.htm"
"esd electronics","ECS-PMC/FPGA","SubDevices","Interface Cards","No","https://www.ethercat.org/en/products/A9E792DFC1BB488194CFB836AEEBC72E.htm"
"esd electronics","ECS-XMC/FPGA","SubDevices","Interface Cards","No","https://www.ethercat.org/en/products/01D9612A53254D76A9F0EE3FF9ECC37B.htm"
"Hilscher","cifX","SubDevices","Interface Cards","Yes","https://www.ethercat.org/en/products/B8FDA7E0A521454C9101D71F7EC8F477.htm"
"HMS Industrial Networks","IXXAT INpact ","SubDevices","Interface Cards","No","https://www.ethercat.org/en/products/BEECDC742EB241AA960AAED5E19221DF.htm"
"HMS Industrial Networks","IXXAT INpact M.2 Format","SubDevices","Interface Cards","No","https://www.ethercat.org/en/products/35D46F3CE5C643359A0575D904C94A44.htm"
"koenig-pa","KPA EtherCAT PC104 Board","SubDevices","Interface Cards","No","https://www.ethercat.org/en/products/F1BD4AA58D9F4E9A93F4BAD4F6249203.htm"
"koenig-pa","KPA EtherCAT PCI Board","SubDevices","Interface Cards","No","https://www.ethercat.org/en/products/E8D0A36799F74A4BA644DC7355654065.htm"
"N.A.T.","AMC EtherCAT Slave Module","SubDevices","Interface Cards","No","https://www.ethercat.org/en/products/50468EC24D4B4C0B902EB625D62A8F75.htm"
"esd electronics","ECS-M.2/FPGA","SubDevices","Interface Cards","No","https://www.ethercat.org/en/products/279E75E48F8C4870BE334DAA29FB2ACC.htm"
"esd electronics","ECS-CPCIs/FPGA","SubDevices","Interface Cards","No","https://www.ethercat.org/en/products/421D39EC23134877B37DD9BA77AD754A.htm"
"AVENTICS","EtherCAT Pneumatic Valve Manifold with 580 Fieldbus Electronics","SubDevices","Hydraulic and Pneumatic Valve Systems","No","https://www.ethercat.org/en/products/F4A29288F42944848E296EA2463B83FF.htm"
"AVENTICS","EtherCAT Pneumatic Valve Manifold with AES Remote I/O","SubDevices","Hydraulic and Pneumatic Valve Systems","No","https://www.ethercat.org/en/products/A3357D10868942F7A6193FB7325FE57C.htm"
"AVENTICS","EtherCAT Pneumatic Valve Manifold with BDC Fieldbus Electronics","SubDevices","Hydraulic and Pneumatic Valve Systems","No","https://www.ethercat.org/en/products/ED852CA3B6C840E98B3BD60712D2FA75.htm"
"AVENTICS","EtherCAT Pneumatic Valve Manifold with G3 Remote I/O","SubDevices","Hydraulic and Pneumatic Valve Systems","No","https://www.ethercat.org/en/products/812D8A08D384404EA7C6ADEB6C0EE577.htm"
"AVENTICS","XV Compact","SubDevices","Hydraulic and Pneumatic Valve Systems","No","https://www.ethercat.org/en/products/9494059153594297BC9665F226A58477.htm"
"CKD","Plug-in-type block manifold TVG Series","SubDevices","Hydraulic and Pneumatic Valve Systems","No","https://www.ethercat.org/en/products/4105BF7C81D7476984DE27FE9F4D7128.htm"
"Brkert Werke","Valve Island AirLINE Type 8652","SubDevices","Hydraulic and Pneumatic Valve Systems","Yes","https://www.ethercat.org/en/products/8A4BE811B38F4A61960AC6FD26AF8B61.htm"
"Festo","Valve Terminal CPX/MPA","SubDevices","Hydraulic and Pneumatic Valve Systems","No","https://www.ethercat.org/en/products/1F96DAAC72D0422F895F46F34EE67679.htm"
"Festo","Valve Terminal CPX/VTSA","SubDevices","Hydraulic and Pneumatic Valve Systems","No","https://www.ethercat.org/en/products/723759FA5B684FF5B4E8B85C2DEA5AD5.htm"
"Festo","Motion Terminal CPX-VTEM","SubDevices","Hydraulic and Pneumatic Valve Systems","No","https://www.ethercat.org/en/products/CBF2BCAE1B6F4D1893BF376653BBAED3.htm"
"Festo","EtherCAT Pneumatic Valve Manifold with CPX Remote I/O","SubDevices","Hydraulic and Pneumatic Valve Systems","No","https://www.ethercat.org/en/products/39370E2B40264D509753E8D8F623184E.htm"
"Moog","Digital Interface Valve (DIV)","SubDevices","Hydraulic and Pneumatic Valve Systems","Yes","https://www.ethercat.org/en/products/74EF8D46759D4B38BBB2E3AAAF229462.htm"
"Parker Hannifin","DFplus control valves D1FP/D3FP","SubDevices","Hydraulic and Pneumatic Valve Systems","No","https://www.ethercat.org/en/products/3A95EEC303734537965DEFAA11FA2429.htm"
"Parker Hannifin","PCH Network Portal","SubDevices","Hydraulic and Pneumatic Valve Systems","Yes","https://www.ethercat.org/en/products/F1BC050525244704A4973EA07AE4C9E5.htm"
"Parker Hannifin","Pilot operated servo proportional valves","SubDevices","Hydraulic and Pneumatic Valve Systems","No","https://www.ethercat.org/en/products/8D7BFB1B714346F2B58AA0B78782AB1E.htm"
"Parker Hannifin","Proportional throttle valves TDP and TPQ","SubDevices","Hydraulic and Pneumatic Valve Systems","No","https://www.ethercat.org/en/products/23A6F22E1702468FB98C844B3AC9400A.htm"
"SMC Group","EtherCAT Pneumatic Valve Manifold in IP67","SubDevices","Hydraulic and Pneumatic Valve Systems","Yes","https://www.ethercat.org/en/products/D9F757F8D9894F36813D92D638B0128F.htm"
"SMC Group","EX260-FSE1","SubDevices","Hydraulic and Pneumatic Valve Systems","Yes","https://www.ethercat.org/en/products/1F3C865C51034100BCE341B47CEC9E77.htm"
"DENSO WAVE","RC8 (Robot Controller Development Code No. 8)","SubDevices","Mechatronic Components","Yes","https://www.ethercat.org/en/products/26A313D10AB5412F944E060E33AC13FB.htm"
"Harmonic Drive - USA","LPA Low Profile Rotary Actuator with Integrated Servo Drive","SubDevices","Mechatronic Components","Yes","https://www.ethercat.org/en/products/5DE0F5357C2642E8804F4202F3D76A0C.htm"
"Harmonic Drive - USA","SHA Rotary Actuator with Integrated Servo Drive","SubDevices","Mechatronic Components","Yes","https://www.ethercat.org/en/products/C964F53A03D7411191AB43DDDEF93C22.htm"
"Hiteco","Electrospindle Powertech 400 series","SubDevices","Mechatronic Components","No","https://www.ethercat.org/en/products/A2CFB682092D4328AEBE61FEFD940061.htm"
"Hiteco","ELECTROSPINDLE ROBOTECH, HX 3C Series","SubDevices","Mechatronic Components","No","https://www.ethercat.org/en/products/7C381C282D09451E8327E348F9B30F11.htm"
"HSD","ES951 e-CORE","SubDevices","Mechatronic Components","No","https://www.ethercat.org/en/products/586F4710184649D8A4019B52C111D6F3.htm"
"Windpute (Jiangsu) Intelligent Technology","EtherCAT XMC4300 + XMC7200 System","SubDevices","Mechatronic Components","No","https://www.ethercat.org/en/products/F970E6F2EC194992B954A7A0CFF8978B.htm"
"ZIEHL-ABEGG","FE2owlet-ECblue","SubDevices","Mechatronic Components","No","https://www.ethercat.org/en/products/D402731CBA8748979BC97A8D27202F73.htm"
"ANCA Motion","AMI5000 Remote Pendant","SubDevices","Operator Interfaces","No","https://www.ethercat.org/en/products/39B6C35EF2454F6CA26E1721BB5D2791.htm"
"Brainchild Electronic","SmartPanels","SubDevices","Operator Interfaces","No","https://www.ethercat.org/en/products/A77A833D758C49089FCD23BD45A1CECF.htm"
"esitron-electronic","Display module DM6","SubDevices","Operator Interfaces","No","https://www.ethercat.org/en/products/5348FF34D1C7427C9924FC61E2DCC7D5.htm"
"esitron-electronic","Display module DM 57","SubDevices","Operator Interfaces","No","https://www.ethercat.org/en/products/76F65522E0CC4EC790289CB28F7C7819.htm"
"esitron-electronic","Display module DM100","SubDevices","Operator Interfaces","No","https://www.ethercat.org/en/products/A7BDE9E2A2D44578BE3936AC7119EC5A.htm"
"RAFI","EtherCAT Keyboard Interface Adapter","SubDevices","Operator Interfaces","No","https://www.ethercat.org/en/products/B5CFF818DAF449D78FC9F3B860CAD8C4.htm"
"Schleicher Electronic","ProNumeric OP 50 Mz","SubDevices","Operator Interfaces","No","https://www.ethercat.org/en/products/4E138782FCF34216A31ACF6799EB628A.htm"
"Beijing Sevenstar Flow","CS Series Products (MFC)","SubDevices","Semiconductor Industry","Yes","https://www.ethercat.org/en/products/75130EA7080348F7A7D2B12FCD3D370E.htm"
"Hilscher","comX 51CA-RE\R","SubDevices","Semiconductor Industry","No","https://www.ethercat.org/en/products/4CB4EF193ADE44FF88EE65A9AEF45280.htm"
"SMC Group","Temperature Control Equipment (Thermo Chiller)","SubDevices","Semiconductor Industry","Yes","https://www.ethercat.org/en/products/4A5DAA80E69A48D2ADE7D20EDBEFDB92.htm"
"Watlow","EPack SCR Smart Power Controller","SubDevices","Semiconductor Industry","No","https://www.ethercat.org/en/products/FEC8550F447F4B1893BD599A9945EB86.htm"
"Watlow","PM PLUS Temperature and Process Controller","SubDevices","Semiconductor Industry","No","https://www.ethercat.org/en/products/89F66ADD864B4072B450E655BFC420B7.htm"
"Watlow","POWERGLIDE Pedestal Temperature Controller","SubDevices","Semiconductor Industry","No","https://www.ethercat.org/en/products/24CAC29A1F8342CC9B23B266B29D5E1B.htm"
"WIKA","WUD 2x E Ultra high purity transducer with display, EtherCAT","SubDevices","Semiconductor Industry","Yes","https://www.ethercat.org/en/products/C69F090B41544A868D3D8BFBD493C32B.htm"
"MECOS","MBC150","SubDevices","Semiconductor Industry","Yes","https://www.ethercat.org/en/products/AF708E912F4146CEAE42E4455B1FE265.htm"
"ACS Motion Control","SPiiPlusSC Soft, PC Based, Motion Controller & EtherCAT Master","MainDevices","Control Software: Soft-PLC","No","https://www.ethercat.org/en/products/65B9A674FC96453A95160CE47F1141C6.htm"
"acontis technologies","EC-Win (RT-Linux)","MainDevices","Control Software: Soft-PLC","No","https://www.ethercat.org/en/products/0CEE4CE2BC9046519A33EBA4A24A451A.htm"
"ADLINK Technology","SuperCAT","MainDevices","Control Software: Soft-PLC","No","https://www.ethercat.org/en/products/37FBB919A5544A4793053B0D29F10BF2.htm"
"Aerotech","A3200 MotionPAC","MainDevices","Control Software: Soft-PLC","No","https://www.ethercat.org/en/products/22AFA3B442F245D48120796BFE1944D2.htm"
"AXEL","LogicLab","MainDevices","Control Software: Soft-PLC","No","https://www.ethercat.org/en/products/B4555F7E2FEE44E5AB411B2D12C85EC1.htm"
"Bachmann electronic","EtherCAT Master","MainDevices","Control Software: Soft-PLC","No","https://www.ethercat.org/en/products/1E2204109D0C4CDA84EC0C5FC1B11CC5.htm"
"Baumller Nrnberg","b maXX-softdrivePLC","MainDevices","Control Software: Soft-PLC","No","https://www.ethercat.org/en/products/1EAA2F0AF6964440B5BC5EF2D1B1DE2D.htm"
"BECKHOFF Automation","PLC and Motion Control Software TwinCAT","MainDevices","Control Software: Soft-PLC","No","https://www.ethercat.org/en/products/EE89D3E40659427C8D3458706B14AC57.htm"
"BECKHOFF Automation","TwinCAT PLC++","MainDevices","Control Software: Soft-PLC","No","https://www.ethercat.org/en/products/4311F78C53B74A8A9796E18BE95A33DF.htm"
"CODESYS","CODESYS EtherCAT","MainDevices","Control Software: Soft-PLC","No","https://www.ethercat.org/en/products/06901800249940D5A8B555B754175122.htm"
"Delta Tau Data Systems","Power PMAC","MainDevices","Control Software: Soft-PLC","No","https://www.ethercat.org/en/products/3F4E8A0F6F7B4175BBA0CE1D9AC15D6A.htm"
"Hivertec","HLS-ECAT/WIN","MainDevices","Control Software: Soft-PLC","No","https://www.ethercat.org/en/products/BCD61F805995424DB63B8A687F8B7380.htm"
"Hivertec","HLS-ECMC/RSI","MainDevices","Control Software: Soft-PLC","No","https://www.ethercat.org/en/products/6100985C720747B5B2E74C2F817FD597.htm"
"IBHsoftec","SoftPLC S7-315 / PLC S7-416","MainDevices","Control Software: Soft-PLC","No","https://www.ethercat.org/en/products/E3479743FB754235BA97997B9BD02E09.htm"
"Ingenieurgemeinschaft IgH","EtherCAT Master for Linux as part of EtherLab","MainDevices","Control Software: Soft-PLC","No","https://www.ethercat.org/en/products/263FCDB7639F4DDFB3587C18F46BA289.htm"
"ISAC","Costantino CNC","MainDevices","Control Software: Soft-PLC","No","https://www.ethercat.org/en/products/D4CFB5D033FC4620A542D1ED4923BA0F.htm"
"KINGSTAR, a Division of IntervalZero","KINGSTAR Machine Automation Platform","MainDevices","Control Software: Soft-PLC","No","https://www.ethercat.org/en/products/D67F7315F1EE4485B108CDDE3F1B63A1.htm"
"KINGSTAR, a Division of IntervalZero","KINGSTAR PLC","MainDevices","Control Software: Soft-PLC","No","https://www.ethercat.org/en/products/9BB04B447D204BC8BE957BB7F517600B.htm"
"KINGSTAR, a Division of IntervalZero","KINGSTAR Soft Motion","MainDevices","Control Software: Soft-PLC","No","https://www.ethercat.org/en/products/BFC25B8BFCB34468A5ECC46332C30F78.htm"
"Kithara Software","RealTime Suite","MainDevices","Control Software: Soft-PLC","No","https://www.ethercat.org/en/products/92A31C52089E469496E0F71A5CCBE94C.htm"
"kk-electronic","KK-Core","MainDevices","Control Software: Soft-PLC","No","https://www.ethercat.org/en/products/A86C652573D44ED190EE5A428BFBA0D6.htm"
"koenig-pa","KPA Automation softPLC","MainDevices","Control Software: Soft-PLC","No","https://www.ethercat.org/en/products/BD41A112974D40AFA07503ADF209B89A.htm"
"KOLLMORGEN","Kollmorgen Automation Suite","MainDevices","Control Software: Soft-PLC","No","https://www.ethercat.org/en/products/B67198FCF86F402ABE1A9515DF192C4A.htm"
"logi.cals","logi.CAD 3, logi.RTS","MainDevices","Control Software: Soft-PLC","No","https://www.ethercat.org/en/products/DFDBF4260617403683834DE4052F506D.htm"
"Micronet","RSW-ECAT","MainDevices","Control Software: Soft-PLC","No","https://www.ethercat.org/en/products/BB5B3157E5F04339BAE88B4E57C9FC88.htm"
"Movensys","WMX3 EtherCAT Soft Motion Controller","MainDevices","Control Software: Soft-PLC","No","https://www.ethercat.org/en/products/B417A43630BF41EF88BBDA63963747A5.htm"
"Pilz","Industrial PC IndustrialPI","MainDevices","Control Software: Soft-PLC","No","https://www.ethercat.org/en/products/3BDC6FD27E3F47D582B7360D6797F4BA.htm"
"Prodrive","EtherCAT Motion Platform","MainDevices","Control Software: Soft-PLC","No","https://www.ethercat.org/en/products/52B02DFF51D043A792445DEC58E0E933.htm"
"RSI","RMP Linux  Master & Motion Controller programmed in C++, C#, VB, Python or gRPC","MainDevices","Control Software: Soft-PLC","No","https://www.ethercat.org/en/products/0EF76345EDBB4F8EBF5364DD05F10DA8.htm"
"RSI","RMP Windows  Master & Motion Controller programmed in C++, C#, VB, Python or gRPC","MainDevices","Control Software: Soft-PLC","No","https://www.ethercat.org/en/products/769527F4F4C6478A9B5C7B3ECD73F439.htm"
"Servotronix Motion Control","softMC Motion Controller","MainDevices","Control Software: Soft-PLC","No","https://www.ethercat.org/en/products/180397610C934380A242226A34C46658.htm"
"STEINHOFF Automation","DACHS EtherCAT Master for QNX","MainDevices","Control Software: Soft-PLC","No","https://www.ethercat.org/en/products/2BB4A4059C8C434EA6BD47B6863F33D7.htm"
"SYBERA","EtherCAT Realtime Master","MainDevices","Control Software: Soft-PLC","No","https://www.ethercat.org/en/products/8B729F7DF5044B2F95C070C53B8A1E72.htm"
"SYBERA","X-GO Logic Control","MainDevices","Control Software: Soft-PLC","No","https://www.ethercat.org/en/products/EF617BA7C3854DC3A671A59641016D80.htm"
"TECHNO","PC-based Fine Motion (RTMC64-EC)","MainDevices","Control Software: Soft-PLC","No","https://www.ethercat.org/en/products/261602B267A04505A4177F6D18445E8A.htm"
"TECHNO","PC-based motion library (RTPL-EC)","MainDevices","Control Software: Soft-PLC","No","https://www.ethercat.org/en/products/6E01929995644EA4B6CB71559D2ADBE2.htm"
"TELESTAR","easiLOGIX","MainDevices","Control Software: Soft-PLC","No","https://www.ethercat.org/en/products/E40C6079B67B40E9B2B94546A6AA00AD.htm"
"ABB","CM579-ETHCAT  EtherCAT master for PLC AC500","MainDevices","Control Hardware: PLC, Motion, IPC, PAC, embedded","No","https://www.ethercat.org/en/products/8C0DB33F1FC14B4A80F2930FCD21F298.htm"
"ACS Motion Control","MC4Unt","MainDevices","Control Hardware: PLC, Motion, IPC, PAC, embedded","No","https://www.ethercat.org/en/products/B4FAAA431D7B4297BFBF16013DED373B.htm"
"ACS Motion Control","SPiiPlusCMnt - Master Control Module with 2 Built-in Drives","MainDevices","Control Hardware: PLC, Motion, IPC, PAC, embedded","No","https://www.ethercat.org/en/products/12CD99FC33434B42894A708E4E6097E7.htm"
"ACS Motion Control","SPiiPlusCMhv","MainDevices","Control Hardware: PLC, Motion, IPC, PAC, embedded","No","https://www.ethercat.org/en/products/7C1E4AD3ADD14EC080AB4D0BBE246951.htm"
"ACS Motion Control","SPiiPlusEC Motion Controller","MainDevices","Control Hardware: PLC, Motion, IPC, PAC, embedded","No","https://www.ethercat.org/en/products/1C483254BB81438AB9334BA37287CEB1.htm"
"ACS Motion Control","SPiiPlusES - High Performance Multi-Axis Controller with Built-in EtherCAT_to_EtherCAT Bridge","MainDevices","Control Hardware: PLC, Motion, IPC, PAC, embedded","No","https://www.ethercat.org/en/products/F6E8885C168449CEB4C90F8E9F1A4FE5.htm"
"ADLINK Technology","PCIe-8338","MainDevices","Control Hardware: PLC, Motion, IPC, PAC, embedded","No","https://www.ethercat.org/en/products/C83FAA18669C45F787576B31F436D42A.htm"
"ADLINK Technology","Talos-2000 Series","MainDevices","Control Hardware: PLC, Motion, IPC, PAC, embedded","No","https://www.ethercat.org/en/products/660F32B695C94094A26F78483D207AB9.htm"
"ADLINK Technology","Talos-3012 Master Controller","MainDevices","Control Hardware: PLC, Motion, IPC, PAC, embedded","No","https://www.ethercat.org/en/products/9CC781185A684BA68FF901249305276F.htm"
"Aerotech","A3200 Automation Controller  ","MainDevices","Control Hardware: PLC, Motion, IPC, PAC, embedded","No","https://www.ethercat.org/en/products/FFE121C946CF47EAB811A39E21A090D8.htm"
"Agile Planet","AX-100","MainDevices","Control Hardware: PLC, Motion, IPC, PAC, embedded","No","https://www.ethercat.org/en/products/CA34C8DA0E3F4A4D84CC88E6AFF0FCFF.htm"
"AMK","AMKAMAC Controller A5","MainDevices","Control Hardware: PLC, Motion, IPC, PAC, embedded","No","https://www.ethercat.org/en/products/BAE7E71F1ABB44BB9C5A33B4E001D604.htm"
"ANCA Motion","AMC5 CNC","MainDevices","Control Hardware: PLC, Motion, IPC, PAC, embedded","No","https://www.ethercat.org/en/products/83DAE86A2E19422BB2E42513EE137B5C.htm"
"andron","andronic 3060 CNC Control System","MainDevices","Control Hardware: PLC, Motion, IPC, PAC, embedded","No","https://www.ethercat.org/en/products/FC30BB9D0EFE4E9CB02CAB655682E499.htm"
"ANEDO","open:control M10i","MainDevices","Control Hardware: PLC, Motion, IPC, PAC, embedded","No","https://www.ethercat.org/en/products/3555A1D8817A410985BD295509FF51D8.htm"
"ANEDO","open:control M50","MainDevices","Control Hardware: PLC, Motion, IPC, PAC, embedded","No","https://www.ethercat.org/en/products/9B925EB325854FD3866B42DC3C4CE472.htm"
"ASEM","LP40","MainDevices","Control Hardware: PLC, Motion, IPC, PAC, embedded","No","https://www.ethercat.org/en/products/EDB32D8DB4DE4E029F40EED6C875DBE6.htm"
"ASEM","BM100","MainDevices","Control Hardware: PLC, Motion, IPC, PAC, embedded","No","https://www.ethercat.org/en/products/6CBB4E2DD89B47509584DA90ED3BF084.htm"
"ASEM","Serie BM","MainDevices","Control Hardware: PLC, Motion, IPC, PAC, embedded","No","https://www.ethercat.org/en/products/56C2B9BA6A704BBE9FB05487BBE03844.htm"
"AUTOMATA","K1 - ARM Based 32bit Controller","MainDevices","Control Hardware: PLC, Motion, IPC, PAC, embedded","No","https://www.ethercat.org/en/products/983258B3A5334E28BDBD83B5792F9A1F.htm"
"Baumller Nrnberg","b maXX-controllerPLC","MainDevices","Control Hardware: PLC, Motion, IPC, PAC, embedded","No","https://www.ethercat.org/en/products/090B4685CBDA4F4BBEA894F97308611F.htm"
"Baumller Nrnberg","b maXX-PCC","MainDevices","Control Hardware: PLC, Motion, IPC, PAC, embedded","No","https://www.ethercat.org/en/products/87A69AF038AE49C09396C9631809A006.htm"
"Baumller Nrnberg","b maXX-safePLC","MainDevices","Control Hardware: PLC, Motion, IPC, PAC, embedded","No","https://www.ethercat.org/en/products/352E9908EA9049F78BCC8182EC04C690.htm"
"BECKHOFF Automation","Embedded PC Series, Compact PLC","MainDevices","Control Hardware: PLC, Motion, IPC, PAC, embedded","No","https://www.ethercat.org/en/products/FFB19C16B9C9453C84F4FEE7772C5856.htm"
"Beijer Electronics","iX TxB-SoftControl","MainDevices","Control Hardware: PLC, Motion, IPC, PAC, embedded","No","https://www.ethercat.org/en/products/7D7971A8522D407B965DCD1E24161704.htm"
"Berghof Automation","Ethernet Controller EC1000","MainDevices","Control Hardware: PLC, Motion, IPC, PAC, embedded","No","https://www.ethercat.org/en/products/B31BBE44C21E4F998C1B6C1DFA12DD0A.htm"
"Bosch Rexroth","ctrlX CORE","MainDevices","Control Hardware: PLC, Motion, IPC, PAC, embedded","No","https://www.ethercat.org/en/products/53AA579D7EA141DA830BCFA53A7F7B2D.htm"
"Brunner Elektronik","Industrial PC Solutions","MainDevices","Control Hardware: PLC, Motion, IPC, PAC, embedded","No","https://www.ethercat.org/en/products/B0F059681EBB4B9591639268337742D7.htm"
"Bucher Automation","JetControl 440EXT","MainDevices","Control Hardware: PLC, Motion, IPC, PAC, embedded","No","https://www.ethercat.org/en/products/2414B09CE3F242F7ADE48B75E0207517.htm"
"Bucher Automation","JetControl 965EXT","MainDevices","Control Hardware: PLC, Motion, IPC, PAC, embedded","No","https://www.ethercat.org/en/products/291A1B3ADF8D4C65823EE7BD6785534A.htm"
"BWO Elektronik","BWO/Vektor C/CT","MainDevices","Control Hardware: PLC, Motion, IPC, PAC, embedded","No","https://www.ethercat.org/en/products/BD96389BD33F48FF9ECEA35BC81DB7C9.htm"
"CMZ Sistemi Elettronici","FCT300 Master Controller","MainDevices","Control Hardware: PLC, Motion, IPC, PAC, embedded","No","https://www.ethercat.org/en/products/E639B7588E6D48A0A55DE4536A17A5EC.htm"
"CMZ Sistemi Elettronici","FCT640 Master Controller","MainDevices","Control Hardware: PLC, Motion, IPC, PAC, embedded","No","https://www.ethercat.org/en/products/8EA75B597F3B4DC4B4846A1D6C63A34D.htm"
"Control Technology (CTC)","M3-41A EtherCAT Master","MainDevices","Control Hardware: PLC, Motion, IPC, PAC, embedded","No","https://www.ethercat.org/en/products/C42EEFC05BAF4C1D8157F72CB5BE171D.htm"
"COSMOTECHS","PXEP-CN","MainDevices","Control Hardware: PLC, Motion, IPC, PAC, embedded","No","https://www.ethercat.org/en/products/FDD184CBD24748339E8297D0493079C8.htm"
"DEIF","AMC 300","MainDevices","Control Hardware: PLC, Motion, IPC, PAC, embedded","No","https://www.ethercat.org/en/products/7ECDE4F5C22B4619B4F47F64F281BB35.htm"
"DEIF","AMC 600","MainDevices","Control Hardware: PLC, Motion, IPC, PAC, embedded","No","https://www.ethercat.org/en/products/79861332583B4ED0A73B80460B2E818F.htm"
"DEIF","AWC 500","MainDevices","Control Hardware: PLC, Motion, IPC, PAC, embedded","No","https://www.ethercat.org/en/products/75F8504B67F04150A9273BD2CB16D54C.htm"
"Delta Electronics","AH Series EtherCAT Motion Controller","MainDevices","Control Hardware: PLC, Motion, IPC, PAC, embedded","No","https://www.ethercat.org/en/products/61A6F0E312184D7EA92EAB9CA51A6875.htm"
"Delta Electronics","AX-308E ","MainDevices","Control Hardware: PLC, Motion, IPC, PAC, embedded","No","https://www.ethercat.org/en/products/3FE8350E2E074683A958ECF194FFF370.htm"
"Delta Electronics","Motion Control Host PAC MH1-C50N-C03DF","MainDevices","Control Hardware: PLC, Motion, IPC, PAC, embedded","No","https://www.ethercat.org/en/products/CC681A7E033C4A5AB4547FCC073C2DCA.htm"
"Delta Electronics","PC-based Host Motion Controller AX-8 Series","MainDevices","Control Hardware: PLC, Motion, IPC, PAC, embedded","No","https://www.ethercat.org/en/products/6EE56687A72E43DDB0E52D39D3471D79.htm"
"Delta Tau Data Systems","Power Brick LV","MainDevices","Control Hardware: PLC, Motion, IPC, PAC, embedded","No","https://www.ethercat.org/en/products/7D37D04573E540BBA606277B9EDCD1F8.htm"
"Delta Tau Data Systems","Power PMAC","MainDevices","Control Hardware: PLC, Motion, IPC, PAC, embedded","No","https://www.ethercat.org/en/products/6722C7F109804440B6D3EBD5FA8716C9.htm"
"Digitronic","Programmable Limit Switch CamCon DC190","MainDevices","Control Hardware: PLC, Motion, IPC, PAC, embedded","No","https://www.ethercat.org/en/products/DA23AB33C9764C3289AD7EE7A71D87AD.htm"
"Eckelmann","EEXC 89","MainDevices","Control Hardware: PLC, Motion, IPC, PAC, embedded","No","https://www.ethercat.org/en/products/1D8BA66223234EF6ACD36AD7D43B5AA2.htm"
"Eckelmann","EEXC 880","MainDevices","Control Hardware: PLC, Motion, IPC, PAC, embedded","No","https://www.ethercat.org/en/products/ADA356793C2B484493EFF9FD3E90C1A1.htm"
"Elmo Motion Control","Gold Maestro","MainDevices","Control Hardware: PLC, Motion, IPC, PAC, embedded","No","https://www.ethercat.org/en/products/4B42C19EEAA34338A4642CC0C822CDB7.htm"
"ESA","EW100 HMI","MainDevices","Control Hardware: PLC, Motion, IPC, PAC, embedded","No","https://www.ethercat.org/en/products/09745C67F48342778C36E9C20EDCE98A.htm"
"esd electronics","CAN-CBX-CPU/A9","MainDevices","Control Hardware: PLC, Motion, IPC, PAC, embedded","No","https://www.ethercat.org/en/products/95D248857C064B0DB08977986C6B1F95.htm"
"esd electronics","EPPC-T10","MainDevices","Control Hardware: PLC, Motion, IPC, PAC, embedded","No","https://www.ethercat.org/en/products/22C0E4F77FDA46C0BADB3B24899D0D29.htm"
"esd electronics","VME-CPU/T10","MainDevices","Control Hardware: PLC, Motion, IPC, PAC, embedded","No","https://www.ethercat.org/en/products/D24373A09FC0421BAD802378504341A6.htm"
"esd electronics","XMC-CPU/2041","MainDevices","Control Hardware: PLC, Motion, IPC, PAC, embedded","No","https://www.ethercat.org/en/products/7042A829CDB948BD8B618D514CC5D082.htm"
"esd electronics","XMC-CPU/T10","MainDevices","Control Hardware: PLC, Motion, IPC, PAC, embedded","No","https://www.ethercat.org/en/products/FE9A17863CEC4D5D8CFB05802533FFAF.htm"
"Everfine Industrial (EFCO)","Brilliant15","MainDevices","Control Hardware: PLC, Motion, IPC, PAC, embedded","No","https://www.ethercat.org/en/products/CF2AD727BBD24D50950973F25AEF790D.htm"
"Everfine Industrial (EFCO)","Eagle Eyes AIHD","MainDevices","Control Hardware: PLC, Motion, IPC, PAC, embedded","No","https://www.ethercat.org/en/products/A16263D0EABC4B90B78F38AA4CC7C0EC.htm"
"Everfine Industrial (EFCO)","SmartAIO","MainDevices","Control Hardware: PLC, Motion, IPC, PAC, embedded","No","https://www.ethercat.org/en/products/8D0C1901A3F348ECB152F98E409B53FA.htm"
"Everfine Industrial (EFCO)","SmartEC","MainDevices","Control Hardware: PLC, Motion, IPC, PAC, embedded","No","https://www.ethercat.org/en/products/FD65A472F80A4E7BB7F47B97F46AADD1.htm"
"Festo","Modular Control System CPX-E","MainDevices","Control Hardware: PLC, Motion, IPC, PAC, embedded","No","https://www.ethercat.org/en/products/1DCA1A780B684C1099262E703F2E786D.htm"
"Galil Motion Control","DMC-500x0","MainDevices","Control Hardware: PLC, Motion, IPC, PAC, embedded","No","https://www.ethercat.org/en/products/7DAA1440AF1746429CCAA84790DC69FE.htm"
"Galil Motion Control","DMC-52xx0","MainDevices","Control Hardware: PLC, Motion, IPC, PAC, embedded","No","https://www.ethercat.org/en/products/7DF45FFB12D048A8A53AF6B4A731BBD0.htm"
"Grossenbacher Systeme","Embedded Touchpanel","MainDevices","Control Hardware: PLC, Motion, IPC, PAC, embedded","No","https://www.ethercat.org/en/products/406A2A6D7C034843B9AACA9CB23BDEAF.htm"
"Hilscher","netHOST RTE","MainDevices","Control Hardware: PLC, Motion, IPC, PAC, embedded","No","https://www.ethercat.org/en/products/5F3F1A9614C04DE1A6E3F364D1FDB0CE.htm"
"Hitachi Industrial Equipment Systems","Industrial Controllers for IoT Applications HX Series","MainDevices","Control Hardware: PLC, Motion, IPC, PAC, embedded","No","https://www.ethercat.org/en/products/C95671366B1C4EBEA8DB456F79C8E442.htm"
"Hivertec","HCOS - Hivertec Control System","MainDevices","Control Hardware: PLC, Motion, IPC, PAC, embedded","No","https://www.ethercat.org/en/products/859AEA24FDC24435B0DFA44075DABF4C.htm"
"IBHsoftec","S7-CX315 SD / S7-CX317 SD","MainDevices","Control Hardware: PLC, Motion, IPC, PAC, embedded","No","https://www.ethercat.org/en/products/FAAFD9292A4A4A799099FF91977464D2.htm"
"ICOP Technology","PC/104 Module-VDX3-6755","MainDevices","Control Hardware: PLC, Motion, IPC, PAC, embedded","No","https://www.ethercat.org/en/products/AFCB575B13D448C39E92A8A5612AAE28.htm"
"ICOP Technology","QEC-M-01","MainDevices","Control Hardware: PLC, Motion, IPC, PAC, embedded","No","https://www.ethercat.org/en/products/96289805137B4B19AB5E703099D0BFB6.htm"
"ICOP Technology","QEC-M-02","MainDevices","Control Hardware: PLC, Motion, IPC, PAC, embedded","No","https://www.ethercat.org/en/products/275C58452F3049EDA27561F69D541D3E.htm"
"ICOP Technology","QEC-PPC-M-090T","MainDevices","Control Hardware: PLC, Motion, IPC, PAC, embedded","No","https://www.ethercat.org/en/products/4F7F535FD7D5490CB5F11B2ADBEF9EB9.htm"
"ICP DAS","ECAT-M801 EtherCAT Master Card (PCI Express)","MainDevices","Control Hardware: PLC, Motion, IPC, PAC, embedded","No","https://www.ethercat.org/en/products/F8692ED4376744E78E280B91B2DFAA69.htm"
"ICP DAS","EMP-2848M EtherCAT Master (PAC)","MainDevices","Control Hardware: PLC, Motion, IPC, PAC, embedded","No","https://www.ethercat.org/en/products/2C6D3577CF0945CB8662B404CAD48D04.htm"
"ICP DAS","EMP-9000 EtherCAT Master (PAC/SoftPLC)","MainDevices","Control Hardware: PLC, Motion, IPC, PAC, embedded","No","https://www.ethercat.org/en/products/F6B6843E5F7B4728AD41BEFC9DB5DFE8.htm"
"ISAC","PAC Ilium","MainDevices","Control Hardware: PLC, Motion, IPC, PAC, embedded","No","https://www.ethercat.org/en/products/0D8889D52DD84BA68F2826F27DACBE5D.htm"
"Janz Tec","emIOT-A/i.MX6","MainDevices","Control Hardware: PLC, Motion, IPC, PAC, embedded","No","https://www.ethercat.org/en/products/41E21522EE784E1BABE0C7E2CEA4AAC9.htm"
"Janz Tec","emIOT-X","MainDevices","Control Hardware: PLC, Motion, IPC, PAC, embedded","No","https://www.ethercat.org/en/products/28F96DAEF4D744FD839F8FFCB2D2A711.htm"
"Janz Tec","emPC-A/i.MX6","MainDevices","Control Hardware: PLC, Motion, IPC, PAC, embedded","No","https://www.ethercat.org/en/products/B82F30621EB04C0B80EA407ABE93742F.htm"
"Janz Tec","emPC-X","MainDevices","Control Hardware: PLC, Motion, IPC, PAC, embedded","No","https://www.ethercat.org/en/products/5C774E093A3947D6A2EB57651AE727E9.htm"
"Janz Tec","emPC-CX+","MainDevices","Control Hardware: PLC, Motion, IPC, PAC, embedded","No","https://www.ethercat.org/en/products/53C2A35568E64DC1BFFE5B87237D27D7.htm"
"JTEKT","TOYOPUC-Nano","MainDevices","Control Hardware: PLC, Motion, IPC, PAC, embedded","No","https://www.ethercat.org/en/products/03D8EA12D9834CA4A56AB0B6B76C9F7D.htm"
"JTEKT","TOYOPUC-Plus","MainDevices","Control Hardware: PLC, Motion, IPC, PAC, embedded","No","https://www.ethercat.org/en/products/94D88BA395D04187B86C44170475CB22.htm"
"KEB","C6 COMPACT","MainDevices","Control Hardware: PLC, Motion, IPC, PAC, embedded","No","https://www.ethercat.org/en/products/8697B482233549B0A39ADB5741E5C63C.htm"
"KEB","C6 COMPACT 3","MainDevices","Control Hardware: PLC, Motion, IPC, PAC, embedded","No","https://www.ethercat.org/en/products/6C6FE541F30B4437BD6F4C448C6F1EC2.htm"
"KEB","C6 E22","MainDevices","Control Hardware: PLC, Motion, IPC, PAC, embedded","No","https://www.ethercat.org/en/products/91E5B770080A47C9865BB04A41AEDF6D.htm"
"KEB","C6 HMI LC","MainDevices","Control Hardware: PLC, Motion, IPC, PAC, embedded","No","https://www.ethercat.org/en/products/ADC3EBE5AEED40A9B0FC0292C743B575.htm"
"KEB","C6 P33 BM","MainDevices","Control Hardware: PLC, Motion, IPC, PAC, embedded","No","https://www.ethercat.org/en/products/B2F094DEED7349F488D5F5CDA2EB6E4F.htm"
"KEB","C6 P34","MainDevices","Control Hardware: PLC, Motion, IPC, PAC, embedded","No","https://www.ethercat.org/en/products/B14282934D904BB0B9942DCC370AE1BD.htm"
"KEB","C6 S14","MainDevices","Control Hardware: PLC, Motion, IPC, PAC, embedded","No","https://www.ethercat.org/en/products/A236575BF77A4CADADD684241F136C42.htm"
"KEB","C6 SMART","MainDevices","Control Hardware: PLC, Motion, IPC, PAC, embedded","No","https://www.ethercat.org/en/products/F6E66E4B22914391A94193AAF5977843.htm"
"KEBA","KeControl C5","MainDevices","Control Hardware: PLC, Motion, IPC, PAC, embedded","No","https://www.ethercat.org/en/products/9F0A5B196178470BB5B4AB9AE648A2E1.htm"
"KEBA","KeDrive D3-DU 3x0 High Performance Control Solution","MainDevices","Control Hardware: PLC, Motion, IPC, PAC, embedded","No","https://www.ethercat.org/en/products/024ED9163F3541ED979137231A775577.htm"
"Kendrion Kuhnke Automation","Kuhnke Econo","MainDevices","Control Hardware: PLC, Motion, IPC, PAC, embedded","No","https://www.ethercat.org/en/products/731E4252918645128110029B2D6BD8F1.htm"
"Kendrion Kuhnke Automation","Kuhnke Econo 206","MainDevices","Control Hardware: PLC, Motion, IPC, PAC, embedded","No","https://www.ethercat.org/en/products/C3D4FCB723114E3B8DD64D5DBAF2DFE1.htm"
"Kendrion Kuhnke Automation","Kuhnke FIO Controller 113","MainDevices","Control Hardware: PLC, Motion, IPC, PAC, embedded","No","https://www.ethercat.org/en/products/B1DEDC0127814DE59AC89EC78D5868E5.htm"
"Kendrion Kuhnke Automation","Kuhnke FIO Controller 113 WLAN PLC","MainDevices","Control Hardware: PLC, Motion, IPC, PAC, embedded","No","https://www.ethercat.org/en/products/7FACE3A49EFA48799A7B06F4F6395017.htm"
"Kendrion Kuhnke Automation","Kuhnke FIO Controller 116","MainDevices","Control Hardware: PLC, Motion, IPC, PAC, embedded","No","https://www.ethercat.org/en/products/49100F35343C4A5D908EF85BB2E547F8.htm"
"Kendrion Kuhnke Automation","Kuhnke Scout","MainDevices","Control Hardware: PLC, Motion, IPC, PAC, embedded","No","https://www.ethercat.org/en/products/8B9D8BCF712B4A68A3403FBFD450FFC5.htm"
"Kendrion Kuhnke Automation","Kuhnke Scout 706","MainDevices","Control Hardware: PLC, Motion, IPC, PAC, embedded","No","https://www.ethercat.org/en/products/CAC642A45BD942C28FDBAC580F78F1D8.htm"
"KEYENCE","KV-XH16EC","MainDevices","Control Hardware: PLC, Motion, IPC, PAC, embedded","No","https://www.ethercat.org/en/products/9190CCE808E949809E76ABC80E72CDC3.htm"
"kk-electronic","CM60 Computer Module","MainDevices","Control Hardware: PLC, Motion, IPC, PAC, embedded","No","https://www.ethercat.org/en/products/6E6BE70121304539BCA396A66EAB2CFA.htm"
"KOLLMORGEN","AKD PDMM Programmable Drive, Multi-Axis Master","MainDevices","Control Hardware: PLC, Motion, IPC, PAC, embedded","No","https://www.ethercat.org/en/products/221BD18C91424772B0D4F0FDAF6EBB3D.htm"
"KOLLMORGEN","PCMM Programmable Multi-Axis Master","MainDevices","Control Hardware: PLC, Motion, IPC, PAC, embedded","No","https://www.ethercat.org/en/products/1F00A4A1D91C42ED8A2BB9B16B61B510.htm"
"Kontron","ECAT Master DIN Rail PC - ThinkIO-Duo","MainDevices","Control Hardware: PLC, Motion, IPC, PAC, embedded","No","https://www.ethercat.org/en/products/7A6FEFF2A3DB406287299CA4EAB378DC.htm"
"Kontron","ECAT Master DIN Rail PC - ThinkIO-P","MainDevices","Control Hardware: PLC, Motion, IPC, PAC, embedded","No","https://www.ethercat.org/en/products/4EFAA1B638B64257B4A6B97B0BE63008.htm"
"Kontron","JRex-IBOX-PM","MainDevices","Control Hardware: PLC, Motion, IPC, PAC, embedded","No","https://www.ethercat.org/en/products/4080F12C852A482E83FD4E7342D4AD25.htm"
"Kontron","Panel PC - V Panel Express","MainDevices","Control Hardware: PLC, Motion, IPC, PAC, embedded","No","https://www.ethercat.org/en/products/54368E292F9B4DFF8D3C0BAA39DE4BE7.htm"
"KSJ","EMM *EtherCAT Master Module","MainDevices","Control Hardware: PLC, Motion, IPC, PAC, embedded","No","https://www.ethercat.org/en/products/34F0F222964E4D2EBC64CD0831178410.htm"
"KSJ","FPGA based KSJ master board LZ202","MainDevices","Control Hardware: PLC, Motion, IPC, PAC, embedded","No","https://www.ethercat.org/en/products/B54F2187E67E4088AEAFD2ECDC2F1BEB.htm"
"KSJ","RB100 ROS2 Robot Control Board","MainDevices","Control Hardware: PLC, Motion, IPC, PAC, embedded","No","https://www.ethercat.org/en/products/EB05E022567345FAA616E157B929B86A.htm"
"Lenze","Controller c430","MainDevices","Control Hardware: PLC, Motion, IPC, PAC, embedded","No","https://www.ethercat.org/en/products/CA09E75367474A6D86AB3B0E476BD3AC.htm"
"Lenze","Controller c520","MainDevices","Control Hardware: PLC, Motion, IPC, PAC, embedded","No","https://www.ethercat.org/en/products/4F88A620AB1C427DA3734422961D60B3.htm"
"Lenze","Controller c550","MainDevices","Control Hardware: PLC, Motion, IPC, PAC, embedded","No","https://www.ethercat.org/en/products/D62B6F550F4542CD8941C3CA955FB9E4.htm"
"LS ELECTRIC","XGB SERIES (XBF-PN04B/08B)","MainDevices","Control Hardware: PLC, Motion, IPC, PAC, embedded","No","https://www.ethercat.org/en/products/0E939B860EBB47C9933BE888FA58641A.htm"
"LS ELECTRIC","XGI-CPUZ Series","MainDevices","Control Hardware: PLC, Motion, IPC, PAC, embedded","No","https://www.ethercat.org/en/products/540F212387584CF3B06F54DBE0954DC4.htm"
"LS ELECTRIC","XGK/XGI Series Extension (XGF-XM32E, XGF-PN4B/8B/16B)","MainDevices","Control Hardware: PLC, Motion, IPC, PAC, embedded","No","https://www.ethercat.org/en/products/87D9416B178B4062BF36C8183D0BC0C8.htm"
"LS ELECTRIC","XMC SERIES (XMC-E08/16/32A, E32C)","MainDevices","Control Hardware: PLC, Motion, IPC, PAC, embedded","No","https://www.ethercat.org/en/products/8B3672E181194A9FA197B9FA448BCE6C.htm"
"LS Mecapion","MXP-PCIe","MainDevices","Control Hardware: PLC, Motion, IPC, PAC, embedded","No","https://www.ethercat.org/en/products/68DC02098C3D41F09CDEB27DC263F145.htm"
"Ma.Vi.","mvPMC-eCAT Master PCI Board","MainDevices","Control Hardware: PLC, Motion, IPC, PAC, embedded","No","https://www.ethercat.org/en/products/248CC27A41F24391B0A8D99DDDEF94BF.htm"
"MKS","PAC 100 & 1000","MainDevices","Control Hardware: PLC, Motion, IPC, PAC, embedded","No","https://www.ethercat.org/en/products/CBCC21060F6F48338490403C07221239.htm"
"Moog","MSC II","MainDevices","Control Hardware: PLC, Motion, IPC, PAC, embedded","No","https://www.ethercat.org/en/products/31FD79ADA92041F9A5A1CE1BE26425B3.htm"
"Moog","MSD Motion Controller","MainDevices","Control Hardware: PLC, Motion, IPC, PAC, embedded","No","https://www.ethercat.org/en/products/C8598EC55B1B4A2EB76D79B1EC7006AB.htm"
"Murrelektronik","Vario-X IPC CTRL 1000","MainDevices","Control Hardware: PLC, Motion, IPC, PAC, embedded","No","https://www.ethercat.org/en/products/BFF6E995202F4CD5A53A1D0826686C0B.htm"
"NEXCOM International","NET104-CDS","MainDevices","Control Hardware: PLC, Motion, IPC, PAC, embedded","No","https://www.ethercat.org/en/products/9F04E3C76A564D749A473F92CCA06553.htm"
"NEXCOM International","NET3600E-ECM","MainDevices","Control Hardware: PLC, Motion, IPC, PAC, embedded","No","https://www.ethercat.org/en/products/79771533852742E0A155761C060063F9.htm"
"OMRON","CJ Series Position Control Unit","MainDevices","Control Hardware: PLC, Motion, IPC, PAC, embedded","No","https://www.ethercat.org/en/products/C1F6995B2AFC431DB0A1D81729B5BBD2.htm"
"OMRON","CK3E Multi-Axis Controller","MainDevices","Control Hardware: PLC, Motion, IPC, PAC, embedded","No","https://www.ethercat.org/en/products/C79254F1016647DFA59971BA6FA805BE.htm"
"OMRON","Machine Automation Controller NX1P","MainDevices","Control Hardware: PLC, Motion, IPC, PAC, embedded","No","https://www.ethercat.org/en/products/9A50E500FBBA4B099CFE46C3CD85EEBA.htm"
"OMRON","Machine Automation Controller NX102","MainDevices","Control Hardware: PLC, Motion, IPC, PAC, embedded","No","https://www.ethercat.org/en/products/2A6C9DD47C864A1B977264E5F5392AC2.htm"
"OMRON","NJ/NX Series Machine Automation Controller","MainDevices","Control Hardware: PLC, Motion, IPC, PAC, embedded","No","https://www.ethercat.org/en/products/5170E4760D0342C19A104E08E54079C0.htm"
"OMRON","NX1 Modular Machine Controller","MainDevices","Control Hardware: PLC, Motion, IPC, PAC, embedded","No","https://www.ethercat.org/en/products/43F9717689D649238B44989369D9873A.htm"
"OMRON","NX1P2 Machine Controller","MainDevices","Control Hardware: PLC, Motion, IPC, PAC, embedded","No","https://www.ethercat.org/en/products/8B7C4B58382F445F8F4570D506A9582D.htm"
"OMRON","NX7 Machine Controller series","MainDevices","Control Hardware: PLC, Motion, IPC, PAC, embedded","No","https://www.ethercat.org/en/products/E07A519AC99D41359FB32FF4401AE03F.htm"
"OMRON","NY-Series IPC Machine Controller","MainDevices","Control Hardware: PLC, Motion, IPC, PAC, embedded","No","https://www.ethercat.org/en/products/D541A65E06CA4043B17B5320889A0C29.htm"
"OMRON","Programmable Multi-Axis Controller CK3M series","MainDevices","Control Hardware: PLC, Motion, IPC, PAC, embedded","No","https://www.ethercat.org/en/products/913F675B773E42AC8A04ECFFFE4A665A.htm"
"OMRON","Trajexia Motion Controller","MainDevices","Control Hardware: PLC, Motion, IPC, PAC, embedded","No","https://www.ethercat.org/en/products/7A9E925E817A479E9F43B53EFB1E3BC5.htm"
"Panasonic","AFP7CPS31E","MainDevices","Control Hardware: PLC, Motion, IPC, PAC, embedded","No","https://www.ethercat.org/en/products/19CD57C00FA3453AA2A868A6D0FD53EB.htm"
"Panasonic","AFP7MC","MainDevices","Control Hardware: PLC, Motion, IPC, PAC, embedded","No","https://www.ethercat.org/en/products/23A57B9A534D42D4ADD61A3E0BFCA9A8.htm"
"Panasonic","AGM1CSEC16P","MainDevices","Control Hardware: PLC, Motion, IPC, PAC, embedded","No","https://www.ethercat.org/en/products/9BDA3171534F4DE4A266875E6F6852CF.htm"
"Parker Hannifin","PAC Parker Automation Controller","MainDevices","Control Hardware: PLC, Motion, IPC, PAC, embedded","No","https://www.ethercat.org/en/products/9C06215E114F430ABDB167C72376445F.htm"
"RICOH PFU COMPUTING","EtherCAT Card","MainDevices","Control Hardware: PLC, Motion, IPC, PAC, embedded","No","https://www.ethercat.org/en/products/C9332F8D4DDF47EC9E767F64A6957715.htm"
"PRIMA ELECTRO","OPEN-XS","MainDevices","Control Hardware: PLC, Motion, IPC, PAC, embedded","No","https://www.ethercat.org/en/products/00B51AD92EDA4840B3AA1B418C541458.htm"
"ProCom","CNC300ET","MainDevices","Control Hardware: PLC, Motion, IPC, PAC, embedded","No","https://www.ethercat.org/en/products/96743CCC23A64870A940D0ECB2C24DC1.htm"
"RADIC Technologies","LZ200 EtherCAT Master","MainDevices","Control Hardware: PLC, Motion, IPC, PAC, embedded","No","https://www.ethercat.org/en/products/F5FC9B91567A4890BB0A2B76CB7C17B0.htm"
"RICOH PFU COMPUTING","RICOH AP-10A","MainDevices","Control Hardware: PLC, Motion, IPC, PAC, embedded","No","https://www.ethercat.org/en/products/976E19C566BB45F3BE90794603FCA16C.htm"
"Robox","RP-1","MainDevices","Control Hardware: PLC, Motion, IPC, PAC, embedded","No","https://www.ethercat.org/en/products/CCF6045AF5624519AEE077B8838E0EA3.htm"
"Robox","RP-2","MainDevices","Control Hardware: PLC, Motion, IPC, PAC, embedded","No","https://www.ethercat.org/en/products/49DA83E8D32449B2A69AC53276BC625E.htm"
"Robox","SI-PAC for M753","MainDevices","Control Hardware: PLC, Motion, IPC, PAC, embedded","No","https://www.ethercat.org/en/products/7AB037F4B64543D4A4C03E989DE17062.htm"
"Robox","RP-2 AS1019.011","MainDevices","Control Hardware: PLC, Motion, IPC, PAC, embedded","No","https://www.ethercat.org/en/products/EBFE4AD2833B46B3BAF0407DC4403CB3.htm"
"SERAD France","MPC Axis Controller","MainDevices","Control Hardware: PLC, Motion, IPC, PAC, embedded","No","https://www.ethercat.org/en/products/2D82C18C9BF842EDA8CA243732BA3E92.htm"
"Servotronix Motion Control","softMC Motion Controller","MainDevices","Control Hardware: PLC, Motion, IPC, PAC, embedded","No","https://www.ethercat.org/en/products/493AB941EFCA47FFAEAD9F6373D7FA6F.htm"
"SIEB & MEYER","SD3","MainDevices","Control Hardware: PLC, Motion, IPC, PAC, embedded","No","https://www.ethercat.org/en/products/CC87F111E46F435D9993D555696E860F.htm"
"Sodick America","EtherCAT Master 4 (EM4)","MainDevices","Control Hardware: PLC, Motion, IPC, PAC, embedded","No","https://www.ethercat.org/en/products/8551DAA6397D400FAE1563E625DBBF56.htm"
"Sontheim Industrie Elektronik","ePC","MainDevices","Control Hardware: PLC, Motion, IPC, PAC, embedded","No","https://www.ethercat.org/en/products/109591E3A21E4D2F8FA0E77D0677393C.htm"
"STBER ANTRIEBSTECHNIK","MC6 Motion Controller","MainDevices","Control Hardware: PLC, Motion, IPC, PAC, embedded","No","https://www.ethercat.org/en/products/42E13ABA4E784E41B25FA5BA07C51FBF.htm"
"Syslogic","Embedded PC Compact 8 M","MainDevices","Control Hardware: PLC, Motion, IPC, PAC, embedded","No","https://www.ethercat.org/en/products/FDA28A1A10684CE08D56F7592E3402B3.htm"
"T.P.A. Tecnologie e Prodotti per l'Automazione","CN2008 SE","MainDevices","Control Hardware: PLC, Motion, IPC, PAC, embedded","No","https://www.ethercat.org/en/products/90B8554F366741108AB575962E13CD14.htm"
"T.P.A. Tecnologie e Prodotti per l'Automazione","CN2128","MainDevices","Control Hardware: PLC, Motion, IPC, PAC, embedded","No","https://www.ethercat.org/en/products/5A696AFBF77D4B6CA1BFBB372C9F50F3.htm"
"T.P.A. Tecnologie e Prodotti per l'Automazione","Compact 4 Numerical Control","MainDevices","Control Hardware: PLC, Motion, IPC, PAC, embedded","No","https://www.ethercat.org/en/products/93336586C8C54814B81555E0D151A94F.htm"
"T.P.A. Tecnologie e Prodotti per l'Automazione","Compact 6 Numerical Control","MainDevices","Control Hardware: PLC, Motion, IPC, PAC, embedded","No","https://www.ethercat.org/en/products/A70E0EF4AAF844C38D3C5C9238A8CA25.htm"
"T.P.A. Tecnologie e Prodotti per l'Automazione","MIZAR.300","MainDevices","Control Hardware: PLC, Motion, IPC, PAC, embedded","No","https://www.ethercat.org/en/products/095A2CBB36884C9A91FF2186E03A97C7.htm"
"T.P.A. Tecnologie e Prodotti per l'Automazione","MIZAR.600","MainDevices","Control Hardware: PLC, Motion, IPC, PAC, embedded","No","https://www.ethercat.org/en/products/A493B670D1244F7AB191EE7EC9CB053D.htm"
"Tex Computer","Power D","MainDevices","Control Hardware: PLC, Motion, IPC, PAC, embedded","No","https://www.ethercat.org/en/products/8D659EA07EEC47FBBF8E2852032A15E3.htm"
"Trio Motion Technology","Flex-6 Nano","MainDevices","Control Hardware: PLC, Motion, IPC, PAC, embedded","No","https://www.ethercat.org/en/products/9AFF51C3FE3242C285BD74725044D044.htm"
"Trio Motion Technology","MC4N-ECAT Mini Master","MainDevices","Control Hardware: PLC, Motion, IPC, PAC, embedded","No","https://www.ethercat.org/en/products/B216E1F40F144767B54A4931518194FD.htm"
"Trio Motion Technology","MC664 / MC664-X Quad Core 128 Axis Coordinator","MainDevices","Control Hardware: PLC, Motion, IPC, PAC, embedded","No","https://www.ethercat.org/en/products/BDB4BA49403B4941B7D087647B645B88.htm"
"Unitronics","UAC-01EC2  EtherCAT master module","MainDevices","Control Hardware: PLC, Motion, IPC, PAC, embedded","No","https://www.ethercat.org/en/products/DE39C628243044E5B3E1FCA0C55A3E90.htm"
"Vecow","ECS-9000 Series EtherCAT Controller","MainDevices","Control Hardware: PLC, Motion, IPC, PAC, embedded","No","https://www.ethercat.org/en/products/EBDD0B1921544049B5A550A90EA4EB8D.htm"
"Yaskawa","SLIO CPU 015N","MainDevices","Control Hardware: PLC, Motion, IPC, PAC, embedded","No","https://www.ethercat.org/en/products/8B4A0A281DE54AB6B72EFB9EAC003FC1.htm"
"zub machine control","MACS5: Motion Control Module","MainDevices","Control Hardware: PLC, Motion, IPC, PAC, embedded","No","https://www.ethercat.org/en/products/DEB92E2C303D4E918195E37465B03A72.htm"
"a-solution","DIAdem EtherCAT Driver","MainDevices","Test and Measurement System","No","https://www.ethercat.org/en/products/4D4973C9B74740F1AF943D4E47EB7466.htm"
"Ackermann Automation","EtherCAT Acquisition Library for LabVIEW","MainDevices","Test and Measurement System","No","https://www.ethercat.org/en/products/41D573B0D0374193BBC23CF2007E5B5A.htm"
"acontis technologies","EC-Win (RT-Linux)","MainDevices","Test and Measurement System","No","https://www.ethercat.org/en/products/79E396C2D7B94815A984C32523B93163.htm"
"D2T","MORPHEE Automation System with EtherCAT","MainDevices","Test and Measurement System","No","https://www.ethercat.org/en/products/C595B19D48234B5093D7F5B7C623F50C.htm"
"DEWESoft","S-BOX","MainDevices","Test and Measurement System","No","https://www.ethercat.org/en/products/D5343DA0FB854F42852648A91DBE33A7.htm"
"IAV","IAV-MPEC","MainDevices","Test and Measurement System","No","https://www.ethercat.org/en/products/0C8B1C67D9654CBB8D99F04293D17A7F.htm"
"INFICON","Augent OPG550","MainDevices","Test and Measurement System","Yes","https://www.ethercat.org/en/products/97D7C9F5BF1647A2BBA291CE6E86DF5E.htm"
"KNESTEL Technologie & Elektronik","Deterministic Real-Time Measurement & Control Platform","MainDevices","Test and Measurement System","No","https://www.ethercat.org/en/products/FAD861D0960B410BB1A26B8CE7E63A66.htm"
"MICRO-EPSILON","CSP2008 Universal Controller","MainDevices","Test and Measurement System","No","https://www.ethercat.org/en/products/0112DC4D4684484B8DBF92DEF50C7418.htm"
"Ackermann Automation","EtherCAT 402 Motion Training Kit","Development Systems, Tools","Starter Kits","No","https://www.ethercat.org/en/products/3216B306C5824098B080F851849D252F.htm"
"Deutschmann Automation","Starterkit UNIGATE CL","Development Systems, Tools","Starter Kits","No","https://www.ethercat.org/en/products/88891835106B43268212818678C7C467.htm"
"esd electronics","EtherCAT Starterkit","Development Systems, Tools","Starter Kits","No","https://www.ethercat.org/en/products/D62B35207F3C41798ED63543913681BF.htm"
"HRK-BRK","Pmod ECAT","Development Systems, Tools","Starter Kits","No","https://www.ethercat.org/en/products/2374940A70B34A3F9E41196D07DAC76B.htm"
"Ingenieurgemeinschaft IgH","EtherLab Starter Kits","Development Systems, Tools","Starter Kits","No","https://www.ethercat.org/en/products/BB77E0E91E0F4DEC9B82443D0FF6AA45.htm"
"Kendrion Kuhnke Automation","Kuhnke CODESYS Starter Kit Motion","Development Systems, Tools","Starter Kits","No","https://www.ethercat.org/en/products/80DEEE49BB11431FA076C62C80DC5E73.htm"
"Kendrion Kuhnke Automation","Kuhnke CODESYS Starter Kit PLC & HMI","Development Systems, Tools","Starter Kits","No","https://www.ethercat.org/en/products/2CA0EDAD7F134336B6AFC87DE1004161.htm"
"Kendrion Kuhnke Automation","Kuhnke CODESYS Starter Kit PLC & I/O","Development Systems, Tools","Starter Kits","No","https://www.ethercat.org/en/products/925E7B3647524C6BA03E925AA34D75F7.htm"
"Kendrion Kuhnke Automation","Kuhnke CODESYS Starter Kit Target Visu","Development Systems, Tools","Starter Kits","No","https://www.ethercat.org/en/products/7C729EC00774424D816D85F1C6975762.htm"
"koenig-pa","KPA EtherCAT Starter Kit","Development Systems, Tools","Starter Kits","No","https://www.ethercat.org/en/products/8C208C2B917D40D695543F27D850B354.htm"
"Renesas","Renesas Starter Kit for RX72T","Development Systems, Tools","Starter Kits","No","https://www.ethercat.org/en/products/A43666F677BA49C1BE28B52FCE8D731D.htm"
"Renesas","Renesas Starter Kit+ for RZ/N2L","Development Systems, Tools","Starter Kits","Yes","https://www.ethercat.org/en/products/91B74FA76117446D9714F774EA97E8E3.htm"
"Renesas","Renesas Starter Kit+ for RZ/T2L","Development Systems, Tools","Starter Kits","Yes","https://www.ethercat.org/en/products/C09D080D95704F3BAF28B85C1CAFC801.htm"
"Renesas","Renesas Starter Kit+ for RZ/T2M","Development Systems, Tools","Starter Kits","Yes","https://www.ethercat.org/en/products/8D84B27A524E4D0FA8CE25BEAD9A8096.htm"
"Renesas","Renesas Starter Kit+ for RX72M","Development Systems, Tools","Starter Kits","No","https://www.ethercat.org/en/products/CFAE257B7AAE489A8BBF2E7BCD78F531.htm"
"Altera","Cyclone II / III / IV / V FPGAs and SoCs","Development Systems, Tools","EtherCAT SubDevice Controller (ESC)","No","https://www.ethercat.org/en/products/E297D83576E2469AB422BE716CDEFF4B.htm"
"Altera","MAX 10 FPGAs","Development Systems, Tools","EtherCAT SubDevice Controller (ESC)","No","https://www.ethercat.org/en/products/6B143092368A47A58F4898A897A2F96E.htm"
"Analog Devices","fido5200","Development Systems, Tools","EtherCAT SubDevice Controller (ESC)","No","https://www.ethercat.org/en/products/FA77ECD62A504D5FAB8928B97B3FF25B.htm"
"ASIX Electronics","AX58100","Development Systems, Tools","EtherCAT SubDevice Controller (ESC)","No","https://www.ethercat.org/en/products/8C60B1FEEB044073909C85090EF13309.htm"
"ASIX Electronics","AX58200","Development Systems, Tools","EtherCAT SubDevice Controller (ESC)","No","https://www.ethercat.org/en/products/A23EFC1037774756B0BD2FDE3004BCF3.htm"
"ASIX Electronics","AX58400","Development Systems, Tools","EtherCAT SubDevice Controller (ESC)","No","https://www.ethercat.org/en/products/3E81669BBBE54933A9B5B1205DA557A6.htm"
"BECKHOFF Automation","ET1810, ET1811, ET1812 | EtherCAT IP core for Altera FPGAs","Development Systems, Tools","EtherCAT SubDevice Controller (ESC)","No","https://www.ethercat.org/en/products/1002FBFAF6684D5D95896DDE625B461E.htm"
"BECKHOFF Automation","ET1815, ET1816, ET1817 | EtherCAT IP core for AMD FPGAs","Development Systems, Tools","EtherCAT SubDevice Controller (ESC)","No","https://www.ethercat.org/en/products/D798D576DED843AC83E87DDE1BDBCE54.htm"
"BECKHOFF Automation","EtherCAT ASIC ET1100","Development Systems, Tools","EtherCAT SubDevice Controller (ESC)","No","https://www.ethercat.org/en/products/682E293139E94770BC45422386A6C432.htm"
"Hilscher","netX 90","Development Systems, Tools","EtherCAT SubDevice Controller (ESC)","No","https://www.ethercat.org/en/products/833ED4AC6D8C461EA3BAB65025B02C9C.htm"
"Hilscher","netX 51","Development Systems, Tools","EtherCAT SubDevice Controller (ESC)","No","https://www.ethercat.org/en/products/7374028A8D7E4036834B3E139175A046.htm"
"Hilscher","netX 52","Development Systems, Tools","EtherCAT SubDevice Controller (ESC)","No","https://www.ethercat.org/en/products/8F278B3C6ADA47F98FC0E1346A699314.htm"
"Hilscher","netX 100","Development Systems, Tools","EtherCAT SubDevice Controller (ESC)","No","https://www.ethercat.org/en/products/05D6217A171D47B789F7F08E16EBD6ED.htm"
"Hilscher","netX 500","Development Systems, Tools","EtherCAT SubDevice Controller (ESC)","No","https://www.ethercat.org/en/products/DD3C6215AD6040148B1989CBC5B7A6C5.htm"
"HMS Industrial Networks","Anybus NP40","Development Systems, Tools","EtherCAT SubDevice Controller (ESC)","No","https://www.ethercat.org/en/products/7EB5A58308844DA2BAE1630EF2AB6CD0.htm"
"HPMicro Semiconductor","HPM6E00","Development Systems, Tools","EtherCAT SubDevice Controller (ESC)","No","https://www.ethercat.org/en/products/247BA07C115D47C6B8E40D3491318F6F.htm"
"Infineon Technologies","XMC4300 with EtherCAT","Development Systems, Tools","EtherCAT SubDevice Controller (ESC)","No","https://www.ethercat.org/en/products/807069D8872C48498E55CE1E4A88F35D.htm"
"Infineon Technologies","XMC4800 with EtherCAT","Development Systems, Tools","EtherCAT SubDevice Controller (ESC)","No","https://www.ethercat.org/en/products/3DC68A7F40904426AF793B35329F1F69.htm"
"Microchip Technology","LAN9252","Development Systems, Tools","EtherCAT SubDevice Controller (ESC)","No","https://www.ethercat.org/en/products/1956774FF0C74D71961404C59398D1B5.htm"
"Microchip Technology","LAN9255 with integrated Arm Cortex-M4F based microcontroller","Development Systems, Tools","EtherCAT SubDevice Controller (ESC)","No","https://www.ethercat.org/en/products/BB0B79499BA74E6DAC7E41B95A365F90.htm"
"Renesas","EC-1","Development Systems, Tools","EtherCAT SubDevice Controller (ESC)","No","https://www.ethercat.org/en/products/EA663F132173473D9E2721FE8718AE83.htm"
"Renesas","Renesas Industrial Network Engine: R-IN32M3-EC","Development Systems, Tools","EtherCAT SubDevice Controller (ESC)","No","https://www.ethercat.org/en/products/E8E9FA52A0B04B248DA8F3E1AE446AE2.htm"
"Renesas","RX72M","Development Systems, Tools","EtherCAT SubDevice Controller (ESC)","No","https://www.ethercat.org/en/products/83679E93FBF844D9AA927B844F438429.htm"
"Renesas","RZ/N1","Development Systems, Tools","EtherCAT SubDevice Controller (ESC)","No","https://www.ethercat.org/en/products/F283CA8931FA4D3B8C8C6D09D7D40373.htm"
"Renesas","RZ/T1","Development Systems, Tools","EtherCAT SubDevice Controller (ESC)","No","https://www.ethercat.org/en/products/CD219CA1C06646C3B9A3F489A1A99AA9.htm"
"Renesas","RZ/N2L","Development Systems, Tools","EtherCAT SubDevice Controller (ESC)","No","https://www.ethercat.org/en/products/AB8CEEC3CED04EB9B6AEAD3AE17E90C6.htm"
"Renesas","RZ/T2L","Development Systems, Tools","EtherCAT SubDevice Controller (ESC)","No","https://www.ethercat.org/en/products/A6B292E0CD3644058A9642CB2AB687AD.htm"
"Renesas","RZ/T2M","Development Systems, Tools","EtherCAT SubDevice Controller (ESC)","No","https://www.ethercat.org/en/products/E2F13FCBE111433AB51C20BD80007A3C.htm"
"Texas Instruments","Sitara AM437x Processor","Development Systems, Tools","EtherCAT SubDevice Controller (ESC)","No","https://www.ethercat.org/en/products/D4061822341440A5BE179C59C757D881.htm"
"Texas Instruments","Sitara AM5728 Processor","Development Systems, Tools","EtherCAT SubDevice Controller (ESC)","No","https://www.ethercat.org/en/products/0965421469AD46FC91C46C94D9010A29.htm"
"Texas Instruments","Sitara AMIC110 SoC","Development Systems, Tools","EtherCAT SubDevice Controller (ESC)","No","https://www.ethercat.org/en/products/9DEE8B7A9B874CE2BD26B06081B3D71B.htm"
"Texas Instruments","Sitara ARM Cortex-A8 & ARM9 Processors","Development Systems, Tools","EtherCAT SubDevice Controller (ESC)","No","https://www.ethercat.org/en/products/2C7CD5C719DE47068E286BAD610BC1DC.htm"
"TRINAMIC Motion Control","TMC8460-BI","Development Systems, Tools","EtherCAT SubDevice Controller (ESC)","No","https://www.ethercat.org/en/products/2968B0DA932446738324768646B31F66.htm"
"TRINAMIC Motion Control","TMC8461-BA","Development Systems, Tools","EtherCAT SubDevice Controller (ESC)","No","https://www.ethercat.org/en/products/C55CB3BF499D4095A7F9ABCEE941D361.htm"
"TRINAMIC Motion Control","TMC8462-BA","Development Systems, Tools","EtherCAT SubDevice Controller (ESC)","No","https://www.ethercat.org/en/products/3EE56A2B7645463FB1372531A89A0315.htm"
"TRINAMIC Motion Control","TMC8670-BI","Development Systems, Tools","EtherCAT SubDevice Controller (ESC)","No","https://www.ethercat.org/en/products/E628E1CD6F004A928ADAE5F2D7B9E3A4.htm"
"Texas Instruments","TMS320F2838x 32-bit real-time controller series","Development Systems, Tools","EtherCAT SubDevice Controller (ESC)","No","https://www.ethercat.org/en/products/2A6FE92CC7804E0D8504EB86522D2A3A.htm"
"Xilinx","Spartan-3 / Virtex FPGA","Development Systems, Tools","EtherCAT SubDevice Controller (ESC)","No","https://www.ethercat.org/en/products/3D62FBFBD4BD40D798DB16961DDCBA65.htm"
"Yaskawa","ANTAIOS","Development Systems, Tools","EtherCAT SubDevice Controller (ESC)","No","https://www.ethercat.org/en/products/868EB3633D354FEC83D9E6D083C16077.htm"
"Yaskawa","TRITON","Development Systems, Tools","EtherCAT SubDevice Controller (ESC)","No","https://www.ethercat.org/en/products/7D036E61C8BD46ABB8005E80349F8EA9.htm"
"Triductor Technology(Suzhou)","TR8253/TR8211 series","Development Systems, Tools","EtherCAT SubDevice Controller (ESC)","No","https://www.ethercat.org/en/products/BF9F0AB965AE4816A4CD4B694ADB9C4F.htm"
"ASIX Electronics","AX58100 EtherCAT Slave Evaluation Board","Development Systems, Tools","SubDevice Evaluation Kits","No","https://www.ethercat.org/en/products/D89F6148B49A4EB38D6BF7FCA9ED0387.htm"
"ASIX Electronics","AX58200 ADIO Demo Kit","Development Systems, Tools","SubDevice Evaluation Kits","No","https://www.ethercat.org/en/products/84DB05E2F780422087E828C9724B3FD6.htm"
"ASIX Electronics","AX58200 EtherCAT Slave Evaluation Board","Development Systems, Tools","SubDevice Evaluation Kits","No","https://www.ethercat.org/en/products/69C2C0E31C1147BBA0C0E924B7819B1B.htm"
"ASIX Electronics","AX58200 EtherCAT Slave Motor Control Demo Kit","Development Systems, Tools","SubDevice Evaluation Kits","No","https://www.ethercat.org/en/products/046AC44859464282A68ED441C2933BD5.htm"
"ASIX Electronics","AX58400 EtherCAT Slave ADIO Demo Kit","Development Systems, Tools","SubDevice Evaluation Kits","No","https://www.ethercat.org/en/products/3B472C5A36A3459A9223EECFF26009D7.htm"
"ASIX Electronics","AX58400 EtherCAT Slave GPIO Evaluation Board","Development Systems, Tools","SubDevice Evaluation Kits","No","https://www.ethercat.org/en/products/74FE9C9DFF4049419373739679C89553.htm"
"ASIX Electronics","AX58400 EtherCAT Slave Motor Control Evaluation Board","Development Systems, Tools","SubDevice Evaluation Kits","No","https://www.ethercat.org/en/products/1F2AC2D2D83D4076B9FB772FB1889754.htm"
"Avnet","Artix-7 50T FPGA Evaluation Kit","Development Systems, Tools","SubDevice Evaluation Kits","No","https://www.ethercat.org/en/products/E3FF0959305C4F709270980D002472C0.htm"
"Avnet","Zynq-7000 MicroZed System on Module (SoM)","Development Systems, Tools","SubDevice Evaluation Kits","No","https://www.ethercat.org/en/products/09E8461FD33B4B8988B5E04C09A21F8F.htm"
"Avnet","Zynq-7000 PicoZed System on Module (SoM)","Development Systems, Tools","SubDevice Evaluation Kits","No","https://www.ethercat.org/en/products/7B347E3D7CE8436E856BF15968B22BE8.htm"
"Beck IPC","IPC@CHIP EtherCAT Slave Development Kit","Development Systems, Tools","SubDevice Evaluation Kits","No","https://www.ethercat.org/en/products/8F6638F1A4DA4E8CB84E4B98760F7481.htm"
"BECKHOFF Automation","EtherCAT Slave Evaluation Kit EL98xx","Development Systems, Tools","SubDevice Evaluation Kits","No","https://www.ethercat.org/en/products/2F85BFD4DD284E88A2BCD42DEABC1474.htm"
"Deutschmann Automation","Developerkit UNIGATE IC-AB","Development Systems, Tools","SubDevice Evaluation Kits","No","https://www.ethercat.org/en/products/82C8A07604224E8FB22DC2257512151A.htm"
"Hilscher","netDIMM","Development Systems, Tools","SubDevice Evaluation Kits","No","https://www.ethercat.org/en/products/341DB830B3D047A5A85270D99BD3C93A.htm"
"Hilscher","netRAPID","Development Systems, Tools","SubDevice Evaluation Kits","No","https://www.ethercat.org/en/products/F837A8D5B720409ABE13DB8406EBE812.htm"
"Hilscher","NXHX 90-JTAG","Development Systems, Tools","SubDevice Evaluation Kits","No","https://www.ethercat.org/en/products/2E2E6A23AE9E4209886C3058B19086B6.htm"
"HPMicro Semiconductor","HPM6E00EVK","Development Systems, Tools","SubDevice Evaluation Kits","No","https://www.ethercat.org/en/products/0A559E78CB8647D88F5EADC7D1BF05BB.htm"
"Infineon Technologies","XMC4300 Relax EtherCAT Kit","Development Systems, Tools","SubDevice Evaluation Kits","Yes","https://www.ethercat.org/en/products/FB83AF0E1B264A79A82A108686614463.htm"
"Infineon Technologies","XMC4800 Relax EtherCAT Kit","Development Systems, Tools","SubDevice Evaluation Kits","Yes","https://www.ethercat.org/en/products/A976478B61814FD7800A7153BB90BFBC.htm"
"krtkl","snickerdoodle","Development Systems, Tools","SubDevice Evaluation Kits","No","https://www.ethercat.org/en/products/2F37A5B4619F4604ACF16A617D86BB65.htm"
"Lattice Semiconductor","Lattice Secure Connected Motion Control Platform","Development Systems, Tools","SubDevice Evaluation Kits","No","https://www.ethercat.org/en/products/4CC94B6F50384B0A878766838F85C678.htm"
"Microchip Technology","EVB-LAN9252-HBIPLUS","Development Systems, Tools","SubDevice Evaluation Kits","No","https://www.ethercat.org/en/products/13ACFE65C6EE4BA5BCD52C80E09EC674.htm"
"Microchip Technology","LAN9252 DIGIO SLAVE CONTROLLER","Development Systems, Tools","SubDevice Evaluation Kits","Yes","https://www.ethercat.org/en/products/EEEA2AEEC722446AB58B06057C109FDA.htm"
"Microchip Technology","LAN9252 HBI Board","Development Systems, Tools","SubDevice Evaluation Kits","Yes","https://www.ethercat.org/en/products/3B117CDA005F4B3793CA646E52D06A5E.htm"
"Microchip Technology","LAN9253 EtherCAT Device Controller Evaluation Kit with Arm Cortex-M4F Based SAM D51 Microcontroller","Development Systems, Tools","SubDevice Evaluation Kits","Yes","https://www.ethercat.org/en/products/8E2761D90B824A85A63EAED0F1D0A9FF.htm"
"Microchip Technology","LAN9254 EtherCAT Device Evaluation Kit with 32 Digital I/Os","Development Systems, Tools","SubDevice Evaluation Kits","Yes","https://www.ethercat.org/en/products/881D8F80F06A4954A94C28ED16683419.htm"
"Microchip Technology","LAN9255 EtherCAT Device Controller Evaluation Kit with Arm Cortex-M4F Based SAM D51 Microcontroller","Development Systems, Tools","SubDevice Evaluation Kits","Yes","https://www.ethercat.org/en/products/345E004EA2F645A9A0C0D867A254EC48.htm"
"OKI Nextech","EtherCAT P Slave Evaluation Board (EC-1)","Development Systems, Tools","SubDevice Evaluation Kits","No","https://www.ethercat.org/en/products/D77992A03F8444A5833098DE50309C5B.htm"
"OKI Nextech","EtherCAT P Slave Evaluation Board (R-IN 32M3-EC)","Development Systems, Tools","SubDevice Evaluation Kits","No","https://www.ethercat.org/en/products/CFD11D2B13D24098AF075BFE787005D2.htm"
"port","ARDUINO / PMOD Board","Development Systems, Tools","SubDevice Evaluation Kits","No","https://www.ethercat.org/en/products/3A647BB69A264B35A354AF83118DC32C.htm"
"Red one technologies","EtherCAT Training System","Development Systems, Tools","SubDevice Evaluation Kits","No","https://www.ethercat.org/en/products/D92FD120A7DA484CBF118AE65AD728B2.htm"
"Renesas","Connect-it! Ethernet EC-1 Solution Kit","Development Systems, Tools","SubDevice Evaluation Kits","Yes","https://www.ethercat.org/en/products/55873D990DBE4CE7A6926F86E1F5C2F8.htm"
"Renesas","Connect-it! Ethernet R-IN Solution Kit","Development Systems, Tools","SubDevice Evaluation Kits","No","https://www.ethercat.org/en/products/B5D7D8581B004FB0826667B7DA86DB8B.htm"
"Renesas","Connect-it! Ethernet RZ/N1D Solution Kit","Development Systems, Tools","SubDevice Evaluation Kits","No","https://www.ethercat.org/en/products/581E8EBD12794C02BB2105DF92BEF3BC.htm"
"Renesas","Renesas Industrial Network Engine: R-IN32M3 Evaluation Board","Development Systems, Tools","SubDevice Evaluation Kits","No","https://www.ethercat.org/en/products/64FFBE5414DA42A98EF2A16E9D0F8D8A.htm"
"Renesas","RX72M Communication Board","Development Systems, Tools","SubDevice Evaluation Kits","Yes","https://www.ethercat.org/en/products/FE7B8AA2A41445C9A485FA0320DBC366.htm"
"Renesas","RX72M CPU Card with RDC-IC","Development Systems, Tools","SubDevice Evaluation Kits","No","https://www.ethercat.org/en/products/285DB8E6316A469BAE9873E844A0543F.htm"
"Renesas","RZ/T1 Development Kit / Board","Development Systems, Tools","SubDevice Evaluation Kits","No","https://www.ethercat.org/en/products/E49156ACA4864FDA907AD68734262081.htm"
"Renesas","RZ/T1 Motion Control Development Kit","Development Systems, Tools","SubDevice Evaluation Kits","Yes","https://www.ethercat.org/en/products/DE6983B3836A40F78B27C888785FA1F5.htm"
"Renesas","RZ/T2M Motor Solution Kit","Development Systems, Tools","SubDevice Evaluation Kits","No","https://www.ethercat.org/en/products/ACBFC600D9604D4CBBE8A82C6D40B75D.htm"
"Softing Industrial Automation","Evaluation Kit with EtherCAT Slave","Development Systems, Tools","SubDevice Evaluation Kits","No","https://www.ethercat.org/en/products/E7D2628AF82741C787CC56F2A48A5104.htm"
"Spansion","SK-FM3-176PMC-FA","Development Systems, Tools","SubDevice Evaluation Kits","No","https://www.ethercat.org/en/products/9E240EDD263E4B68B1847B8BB6921970.htm"
"Terasic Technologies","Industrial Networking Kit (INK)","Development Systems, Tools","SubDevice Evaluation Kits","No","https://www.ethercat.org/en/products/D52BD8528DA54A5F8E13467F6D9F46D8.htm"
"Texas Instruments","F2838x EVM","Development Systems, Tools","SubDevice Evaluation Kits","No","https://www.ethercat.org/en/products/5812F387332E4358B82ECEDFC550A1A2.htm"
"Texas Instruments","Sitara AM437x Industrial Development Kit","Development Systems, Tools","SubDevice Evaluation Kits","No","https://www.ethercat.org/en/products/7211C00D5B8140E59277BA286FC98231.htm"
"Texas Instruments","Sitara AM572x Industrial Development Kit (IDK)","Development Systems, Tools","SubDevice Evaluation Kits","No","https://www.ethercat.org/en/products/D15866AD807C49888B2DA1C1B7535CBC.htm"
"Texas Instruments","TI AM335x Industrial Communications Engine TMDSICE3359 ","Development Systems, Tools","SubDevice Evaluation Kits","Yes","https://www.ethercat.org/en/products/477610AD89244A46BD5BB329F16C123D.htm"
"Texas Instruments","TI Toolkit for EtherCAT Slave AM243x Launchpad (powered by Kunbus)","Development Systems, Tools","SubDevice Evaluation Kits","Yes","https://www.ethercat.org/en/products/D797AE4719FF4428BCF9F6EDCBB1131A.htm"
"Texas Instruments","TI Toolkit for EtherCAT Slave AM64x EVM (powered by Kunbus)","Development Systems, Tools","SubDevice Evaluation Kits","Yes","https://www.ethercat.org/en/products/383931EB5FD04CD1BE16DBF6D1033794.htm"
"Texas Instruments","TIDM-02006","Development Systems, Tools","SubDevice Evaluation Kits","No","https://www.ethercat.org/en/products/A9C32FB3548C49EDA6471370D99DC93F.htm"
"TRINAMIC Motion Control","TMC8460-EVAL","Development Systems, Tools","SubDevice Evaluation Kits","No","https://www.ethercat.org/en/products/4F735466B03F4730ADE6913159D79F95.htm"
"TRINAMIC Motion Control","TMC8461-EVAL","Development Systems, Tools","SubDevice Evaluation Kits","Yes","https://www.ethercat.org/en/products/1F41ADB5E01840E9B0831AB5F974B448.htm"
"TRINAMIC Motion Control","TMC8462-EVAL","Development Systems, Tools","SubDevice Evaluation Kits","Yes","https://www.ethercat.org/en/products/4E2F12E8E19947AC908BE4D038BB8843.htm"
"TRINAMIC Motion Control","TMC8462-BOB (Breakout Board)","Development Systems, Tools","SubDevice Evaluation Kits","No","https://www.ethercat.org/en/products/2A2F7A50A6ED4FB4A2110A043E4F4901.htm"
"TRINAMIC Motion Control","TMC8670-EVAL","Development Systems, Tools","SubDevice Evaluation Kits","No","https://www.ethercat.org/en/products/51C0B395F4DF43699CAD288BE5821DA4.htm"
"Xiamen Codefair Semiconductor Technology","EVB-CF1103","Development Systems, Tools","SubDevice Evaluation Kits","Yes","https://www.ethercat.org/en/products/E2A03A24A6D842D3A6AF458C013CE146.htm"
"Xilinx","EtherCAT Evaluation Kit XC3S2000","Development Systems, Tools","SubDevice Evaluation Kits","No","https://www.ethercat.org/en/products/903BC54FAD594EF0ACA79A326435CB6A.htm"
"Yaskawa","ANTAIOS EtherCAT Evaluation Kit (PAAE1100-EC)","Development Systems, Tools","SubDevice Evaluation Kits","Yes","https://www.ethercat.org/en/products/55F006BD001246F59A2FCEB6863B1734.htm"
"Triductor Technology(Suzhou)","TR8253EVB","Development Systems, Tools","SubDevice Evaluation Kits","Yes","https://www.ethercat.org/en/products/43A4E4FE9D3E401C9AECDD9677F6DEF5.htm"
"Renesas","RZ/N2H Evaluation Board Kit","Development Systems, Tools","SubDevice Evaluation Kits","Yes","https://www.ethercat.org/en/products/BBCA96024F544D1589686AC686872804.htm"
"Renesas","RZ/T2H Evaluation Board Kit","Development Systems, Tools","SubDevice Evaluation Kits","Yes","https://www.ethercat.org/en/products/07221A24A5D446BF854630872E0E0738.htm"
"Wuxi Silicon Field Microelectronics","Y001-EC9252","Development Systems, Tools","SubDevice Evaluation Kits","Yes","https://www.ethercat.org/en/products/2455E7FA98964032B08624A8DD7AE824.htm"
"BECKHOFF Automation","EtherCAT Slave Stack Code (SSC) ET9300","Development Systems, Tools","SubDevice Stacks","No","https://www.ethercat.org/en/products/54FA3235E29643BC805BDD807DF199DE.htm"
"esd electronics","EtherCAT SubDevice Stack","Development Systems, Tools","SubDevice Stacks","No","https://www.ethercat.org/en/products/425533AA24CE404AA319FF26B5A6963F.htm"
"HMS Industrial Networks","FSoE Slave Software","Development Systems, Tools","SubDevice Stacks","No","https://www.ethercat.org/en/products/0FCBAEB58F654E12A0E7EF441EE35CD4.htm"
"koenig-pa","KPA EtherCAT Slave Stack","Development Systems, Tools","SubDevice Stacks","No","https://www.ethercat.org/en/products/8AD8623836174E10848CF9F2DEEDF8B8.htm"
"port","EtherCAT Protocol Stack / Library","Development Systems, Tools","SubDevice Stacks","No","https://www.ethercat.org/en/products/253E74FF9B96475CA987968E6DA3C6D0.htm"
"rt-labs","EtherCAT Slave Library (SOES)","Development Systems, Tools","SubDevice Stacks","No","https://www.ethercat.org/en/products/987EE4C8699F42AE907D0E6A3A1D0DBD.htm"
"meastream","EtherCAT SubDevice Stack for AMD/Xilinx FPGA","Development Systems, Tools","SubDevice Stacks","No","https://www.ethercat.org/en/products/8ACFF1614BB74EA480F6F35B31EC73D7.htm"
"acontis technologies","EC-EAP: EtherCAT Automation Protocol Stack","Development Systems, Tools","MainDevice Stacks","No","https://www.ethercat.org/en/products/30083F1CDAFA4E269B3C57E64A4C2D18.htm"
"acontis technologies","EtherCAT Master Stack for embedded (real-time) OS","Development Systems, Tools","MainDevice Stacks","No","https://www.ethercat.org/en/products/2ED85C6FF81C4B43B225F9A926B5FF4F.htm"
"acontis technologies","EC-Win (RT-Linux)","Development Systems, Tools","MainDevice Stacks","No","https://www.ethercat.org/en/products/AD46BDC735614E7E854424F41CCB3027.htm"
"Axel","LogicLab","Development Systems, Tools","MainDevice Stacks","No","https://www.ethercat.org/en/products/8965C1D629BF4818B803AB3736AC7282.htm"
"BECKHOFF Automation","EtherCAT Master Sample Code ET9200","Development Systems, Tools","MainDevice Stacks","No","https://www.ethercat.org/en/products/4F84049B9950437FB34749A52AB20786.htm"
"esd electronics","EtherCAT MainDevice Stack","Development Systems, Tools","MainDevice Stacks","No","https://www.ethercat.org/en/products/B3B4C6EE64324CA9AD495EA05384721F.htm"
"HMS Industrial Networks","FSoE Master Software","Development Systems, Tools","MainDevice Stacks","No","https://www.ethercat.org/en/products/BD15380AD936431E90C852D99BD6A5EF.htm"
"IBV - Echtzeit- und Embedded","icECAT EtherCAT Master Stack for Embedded Systems","Development Systems, Tools","MainDevice Stacks","No","https://www.ethercat.org/en/products/8F95B40B875C4AF791C4C4F2717CBAD1.htm"
"Ingenieurgemeinschaft IgH","EtherCAT Master for Linux as part of EtherLab","Development Systems, Tools","MainDevice Stacks","No","https://www.ethercat.org/en/products/A45238D5D95C4A519D1FD189201ED906.htm"
"KINGSTAR, a Division of IntervalZero","KINGSTAR EtherCAT","Development Systems, Tools","MainDevice Stacks","No","https://www.ethercat.org/en/products/3E8070AD1EFD44F1BADAA11BA6FAA944.htm"
"Kithara Software","EtherCAT Master","Development Systems, Tools","MainDevice Stacks","No","https://www.ethercat.org/en/products/784A62CBF0E7490D8E79C656288693FC.htm"
"koenig-pa","KPA EtherCAT Master","Development Systems, Tools","MainDevice Stacks","No","https://www.ethercat.org/en/products/948ECA55DCDD48458A029F54BA06B1D5.htm"
"KSJ","KSJ EtherCAT Master based on Xilinx FPGA","Development Systems, Tools","MainDevice Stacks","No","https://www.ethercat.org/en/products/CEE11F2E3C534512B9087CD83BE53846.htm"
"MicroSys Electronics","EtherCAT Master Stack for Microware OS-9","Development Systems, Tools","MainDevice Stacks","No","https://www.ethercat.org/en/products/E6C8007776614F79BDD0C20D84921EAA.htm"
"NXP","EtherCAT Master PLC Reference Platform for QorIQ Processors","Development Systems, Tools","MainDevice Stacks","No","https://www.ethercat.org/en/products/ED3D1EBE228C421BB935F11A36F15E99.htm"
"rt-labs","EtherCAT Master Library (SOEM)","Development Systems, Tools","MainDevice Stacks","No","https://www.ethercat.org/en/products/D35DCA40C6EC41508C719A6C9981FF52.htm"
"SYBERA","EtherCAT Realtime Master","Development Systems, Tools","MainDevice Stacks","No","https://www.ethercat.org/en/products/16A27354739B4B03B7D42D0D9ADBC919.htm"
"AB&T","Arduino EasyCAT","Development Systems, Tools","Communication Modules","No","https://www.ethercat.org/en/products/791FFAA126AD43859920EA64384AD4FD.htm"
"AB&T","EasyCAT HAT","Development Systems, Tools","Communication Modules","No","https://www.ethercat.org/en/products/67A77A37852D470690FA345E14FDB628.htm"
"AB&T","EasyCAT PRO","Development Systems, Tools","Communication Modules","No","https://www.ethercat.org/en/products/494A4937929E4763B1A32148FA6A45B0.htm"
"Analog Devices","RapID Platform - Network Interface Evaluation Kit","Development Systems, Tools","Communication Modules","No","https://www.ethercat.org/en/products/35205AE4CCCF4444AC2891895692D604.htm"
"BECKHOFF Automation","EtherCAT Piggyback Controller Boards FB1111","Development Systems, Tools","Communication Modules","No","https://www.ethercat.org/en/products/9C0DDFE169894CD699496203B3D7DF63.htm"
"Deutschmann Automation","UNIGATE IC-EtherCAT","Development Systems, Tools","Communication Modules","No","https://www.ethercat.org/en/products/EDB8CCF6FF8C4741903F4560B516EC0C.htm"
"Deutschmann Automation","UNIGATE IC2 EtherCAT","Development Systems, Tools","Communication Modules","No","https://www.ethercat.org/en/products/359A20887CD246B5838883381720F06F.htm"
"emtrion","emSBC-Helium-IoT","Development Systems, Tools","Communication Modules","No","https://www.ethercat.org/en/products/042502A0357444989D2A5356FC0DD33D.htm"
"Hilscher","comX","Development Systems, Tools","Communication Modules","No","https://www.ethercat.org/en/products/A205DC85BC464B5297D912D4ECD696AC.htm"
"Hilscher","netIC","Development Systems, Tools","Communication Modules","No","https://www.ethercat.org/en/products/7CB44170016149E5A14532C23B6FCBC5.htm"
"Hilscher","netJACK","Development Systems, Tools","Communication Modules","No","https://www.ethercat.org/en/products/E530EF148E034CFA98C8D4E8661E0461.htm"
"Hilscher","netRAPID 90","Development Systems, Tools","Communication Modules","No","https://www.ethercat.org/en/products/960CE986CD0C44BEB303B05522397F5C.htm"
"HMS Industrial Networks","Anybus CompactCom B40 Brick","Development Systems, Tools","Communication Modules","No","https://www.ethercat.org/en/products/45AEC24EA4434A5A9F1DED5EE83CF797.htm"
"HMS Industrial Networks","Anybus CompactCom 40-series","Development Systems, Tools","Communication Modules","Yes","https://www.ethercat.org/en/products/B2A16FC4838D4FB7BD4DF5CA20BC54E7.htm"
"HMS Industrial Networks","Anybus-S Interface Module for EtherCAT","Development Systems, Tools","Communication Modules","Yes","https://www.ethercat.org/en/products/4C3C016577564E3F9B090E16056F466E.htm"
"Microchip Technology","EVB-LAN9252SPI","Development Systems, Tools","Communication Modules","No","https://www.ethercat.org/en/products/0BF55C27F7F84B3F93FED201FEF9994E.htm"
"Microchip Technology","LAN9252 EL9800 ADD ON BOARD","Development Systems, Tools","Communication Modules","No","https://www.ethercat.org/en/products/57620DB01953486BAB92CAAB92C90BBD.htm"
"Microchip Technology","LAN9253 EL9820 ADD ON BOARD","Development Systems, Tools","Communication Modules","Yes","https://www.ethercat.org/en/products/ED2C274A35A540DB82E5C8E9EBF55360.htm"
"port","PUDIn  Port Unified Data Interface","Development Systems, Tools","Communication Modules","No","https://www.ethercat.org/en/products/A01E5B9079A6475180739BAF00808BFB.htm"
"port","RaspBerry PI EtherCAT Extension (Stack / System on Module)  embedded EtherCAT","Development Systems, Tools","Communication Modules","No","https://www.ethercat.org/en/products/3792F3C983774DE08B41E997051160A7.htm"
"port","SBC single board computer RZN1D","Development Systems, Tools","Communication Modules","No","https://www.ethercat.org/en/products/31620AEE03C14869B94C0F926A868618.htm"
"port","SoM (Stack/System on Module)  embedded EtherCAT hardware","Development Systems, Tools","Communication Modules","No","https://www.ethercat.org/en/products/E0761F9E86CC40E386E3964D44A1C619.htm"
"Renesas","EC-1 Communication Board","Development Systems, Tools","Communication Modules","Yes","https://www.ethercat.org/en/products/5A8F92226F034ADEBEAF2B676AC5E00D.htm"
"Renesas","R-IN32M3 Module","Development Systems, Tools","Communication Modules","Yes","https://www.ethercat.org/en/products/2AD3AB748E0243F799E0BF3BAA097D38.htm"
"rt-labs","U-Phy","Development Systems, Tools","Communication Modules","No","https://www.ethercat.org/en/products/AA557FBA6B7B4E2D985E6A8BCB49A71B.htm"
"BECKHOFF Automation","EtherCAT Conformance Test Tool (CTT) ET9400","Development Systems, Tools","Conformance","No","https://www.ethercat.org/en/products/2B8481D0918740AE91AF0AECE1FF8C2F.htm"
"BECKHOFF Automation","Safety over EtherCAT SubInstance Conformance Test Tool (FSoE CTT) ET9402","Development Systems, Tools","Conformance","No","https://www.ethercat.org/en/products/BC4819D2BE1745CFBF603A358CE6A788.htm"
"BECKHOFF Automation","Safety over EtherCAT MainInstance Conformance Test Tool (FSoE CTT) ET9403","Development Systems, Tools","Conformance","No","https://www.ethercat.org/en/products/A932A941E83F45B8A5849ACFEB7790EF.htm"
"acontis technologies","EC-Engineer Configuration and Diagnosis Tool","Development Systems, Tools","Configuration Tools","No","https://www.ethercat.org/en/products/2847764C96F84D13B692F3F91835B218.htm"
"acontis technologies","EC-Engineer Web","Development Systems, Tools","Configuration Tools","No","https://www.ethercat.org/en/products/7494A63E98164C289BE92B1F944487F6.htm"
"Bachmann electronic","EtherCAT Configurator","Development Systems, Tools","Configuration Tools","No","https://www.ethercat.org/en/products/1A26AA4BF32E4AE8AD9705FA707CBC09.htm"
"BECKHOFF Automation","EtherCAT Configuration Tool ET9000","Development Systems, Tools","Configuration Tools","No","https://www.ethercat.org/en/products/D60E3A8E639B44859B2E0F501725703B.htm"
"esd electronics","EtherCAT Workbench","Development Systems, Tools","Configuration Tools","No","https://www.ethercat.org/en/products/19917ECE59CD486884F5B532E2747646.htm"
"IBV - Echtzeit- und Embedded","icECAT EtherCAT Configuration Library","Development Systems, Tools","Configuration Tools","No","https://www.ethercat.org/en/products/92EC5AF8A59048A9A5734A061A4C52AE.htm"
"KEB","KEB COMBIVIS studio 6","Development Systems, Tools","Configuration Tools","No","https://www.ethercat.org/en/products/30353F781CF3408C8A47CBF536020E59.htm"
"Kithara Software","Master Monitor","Development Systems, Tools","Configuration Tools","No","https://www.ethercat.org/en/products/5A45060B498548B3B23047A9DE94A720.htm"
"koenig-pa","KPA EtherCAT Studio","Development Systems, Tools","Configuration Tools","No","https://www.ethercat.org/en/products/459A95C5AAE5412DAB07E02293155E8E.htm"
"KOLLMORGEN","Kollmorgen Automation Suite","Development Systems, Tools","Configuration Tools","No","https://www.ethercat.org/en/products/427A2EFA1D0746959241054FBD4E94F3.htm"
"port","EtherCAT Design Tool","Development Systems, Tools","Configuration Tools","No","https://www.ethercat.org/en/products/CB4A36E1B64D4FC0B42DFAC0B558EE63.htm"
"acontis technologies","EC-STA Slave Test Application","Development Systems, Tools","Development Tools","No","https://www.ethercat.org/en/products/EAFD3BA2517541B083F213D8519834EC.htm"
"Dynamic Systems","mesicat","Development Systems, Tools","Development Tools","No","https://www.ethercat.org/en/products/1EBCE5E2EE7D4433A64C51B632D2DFA5.htm"
"IntervalZero","IntervalZero RTX64","Development Systems, Tools","Development Tools","No","https://www.ethercat.org/en/products/E0FD7DCBECBF4392A1C908BB970294DA.htm"
"JSL Technology","JS-EtherCAT Professional SDK for Cyclone V SoC","Development Systems, Tools","Development Tools","No","https://www.ethercat.org/en/products/9BB87F5EEF404DA2B8C4F5371BAE1B6D.htm"
"JSL Technology","JS-EtherCAT Professional SDK for R-IN32","Development Systems, Tools","Development Tools","No","https://www.ethercat.org/en/products/DF7B7D165C5449FEAE7F09BB99189CBD.htm"
"JSL Technology","JS-EtherCAT Professional SDK for RZ/T1","Development Systems, Tools","Development Tools","No","https://www.ethercat.org/en/products/7C23AA8864EA4F9A8149592BA06A5B51.htm"
"MicroControl","Development Embedded Systems","Development Systems, Tools","Development Tools","No","https://www.ethercat.org/en/products/D0DB586B532B46DD8F5103BABB36DEFA.htm"
"port","ICC  Industrial Communication Creator for RENESAS R-IN32M3 Module","Development Systems, Tools","Development Tools","No","https://www.ethercat.org/en/products/90F681138CA647B19FEE551FDDDA4536.htm"
"rt-labs","EtherCAT SDK for embedded systems","Development Systems, Tools","Development Tools","No","https://www.ethercat.org/en/products/89337EDA2290488DACFEC05B088CBF46.htm"
"Vector Informatik","CANoe.For EtherCAT","Development Systems, Tools","Development Tools","No","https://www.ethercat.org/en/products/3E29C8965A3F42B8AA43BBD2B09B1E2D.htm"
"Ackermann Automation","CATLogger Easy","Development Systems, Tools","Monitoring and Diagnosis Tools","No","https://www.ethercat.org/en/products/32F2EF410F314BDF9BE21BC26B9F8C66.htm"
"acontis technologies","EC-Engineer Configuration and Diagnosis Tool","Development Systems, Tools","Monitoring and Diagnosis Tools","No","https://www.ethercat.org/en/products/5FBA0A9D8D084534B813D20863CBD04E.htm"
"acontis technologies","EC-Engineer Web","Development Systems, Tools","Monitoring and Diagnosis Tools","No","https://www.ethercat.org/en/products/A0655F7C31CF4229B1394E4AF9556354.htm"
"acontis technologies","EC-Inspector","Development Systems, Tools","Monitoring and Diagnosis Tools","No","https://www.ethercat.org/en/products/E2EE8E93B7BF4E2589985CA48A940E82.htm"
"acontis technologies","EC-Lyser: EtherCAT diagnosis and error detection tool","Development Systems, Tools","Monitoring and Diagnosis Tools","No","https://www.ethercat.org/en/products/692443C079724C29AB779357F7568F30.htm"
"BECKHOFF Automation","EtherCAT Parser for Wireshark","Development Systems, Tools","Monitoring and Diagnosis Tools","No","https://www.ethercat.org/en/products/98A8E06BB941491398D4E66B481F3CAF.htm"
"BECKHOFF Automation","EtherCAT I/O Development Products, Industrial-Ethernet-Multichannel-Probe ET2000","Development Systems, Tools","Monitoring and Diagnosis Tools","No","https://www.ethercat.org/en/products/37B9D65ACAA449B7B9340685590BA3C6.htm"
"esd electronics","EtherCAT Workbench","Development Systems, Tools","Monitoring and Diagnosis Tools","No","https://www.ethercat.org/en/products/6D54AE9A547842E48610D820A77742FB.htm"
"Hilscher","netMIRROR Ethernet Mirror-TAP","Development Systems, Tools","Monitoring and Diagnosis Tools","No","https://www.ethercat.org/en/products/C08A14A0872A46B28DA3F90CE45C74A8.htm"
"iba","EtherCAT bus module ibaBM-eCAT","Development Systems, Tools","Monitoring and Diagnosis Tools","No","https://www.ethercat.org/en/products/A1AE99F966F14008918E6E8AAA3EF050.htm"
"iba","ibaPDA","Development Systems, Tools","Monitoring and Diagnosis Tools","No","https://www.ethercat.org/en/products/A2A7CA8C310643C783B3FE841C148BF3.htm"
"KEB","KEB COMBIVIS studio 6","Development Systems, Tools","Monitoring and Diagnosis Tools","No","https://www.ethercat.org/en/products/1E26820D374740098C68D02703026061.htm"
"Kithara Software","Kernel Tracer","Development Systems, Tools","Monitoring and Diagnosis Tools","No","https://www.ethercat.org/en/products/CA88620D5CAF40F183827EE677E4ECB7.htm"
"Kithara Software","Master Monitor","Development Systems, Tools","Monitoring and Diagnosis Tools","No","https://www.ethercat.org/en/products/E30A4DF0E3D64481A24DDCFC9ADA5EDA.htm"
"KUNBUS","TAP CURIOUS","Development Systems, Tools","Monitoring and Diagnosis Tools","No","https://www.ethercat.org/en/products/0DF5B5587BAF44A3979ADD7B1F4D875A.htm"
"port","EtherCAT Device Monitor","Development Systems, Tools","Monitoring and Diagnosis Tools","No","https://www.ethercat.org/en/products/19C281FA87B4431B9BDE267A5D41CF34.htm"
"PROCENTEC","Osiris","Development Systems, Tools","Monitoring and Diagnosis Tools","No","https://www.ethercat.org/en/products/9F1178077BB645938919656CE1F42ACD.htm"
"rt-labs","EtherCAT Explorer","Development Systems, Tools","Monitoring and Diagnosis Tools","No","https://www.ethercat.org/en/products/27A92C19777C4FAF9C9009E0CC35353F.htm"
"Schildknecht","DATAEAGLE Portal","Development Systems, Tools","Monitoring and Diagnosis Tools","No","https://www.ethercat.org/en/products/FA602C1B8D7F4013BCA7AD0310B18361.htm"
"Yacoub Automation","netTAP","Development Systems, Tools","Monitoring and Diagnosis Tools","No","https://www.ethercat.org/en/products/236E6EB25AE24B33A4770204880D213C.htm"
"acontis technologies","ECSimulator: EtherCAT Network Simulation","Development Systems, Tools","Simulation","No","https://www.ethercat.org/en/products/D9F6D4E7245D455EACC68C333CDDA5F4.htm"
"BECKHOFF Automation","TE1111 | TC3 EtherCAT Simulation","Development Systems, Tools","Simulation","No","https://www.ethercat.org/en/products/49757FCC9A9A4649A6035C6063E3D316.htm"
"IBV - Echtzeit- und Embedded","icECAT EtherCAT Network Simulator","Development Systems, Tools","Simulation","No","https://www.ethercat.org/en/products/422C6CD4DB164F28BEFDB357ABDBE7C2.htm"
"ACD Antriebstechnik","FS-PLC03A00S00","Functional Safety","FSoE MainInstance","No","https://www.ethercat.org/en/products/8D2DDEFEE0124D89AB8AC7E69F4FFFF3.htm"
"Baumller Nrnberg","b maXX-safePLC","Functional Safety","FSoE MainInstance","No","https://www.ethercat.org/en/products/BAF4CEBED63F405496A76715D3A9D3C0.htm"
"BECKHOFF Automation","TwinSAFE Safety Technology, TwinSAFE Logic","Functional Safety","FSoE MainInstance","Yes","https://www.ethercat.org/en/products/6E4C8A2294894F70BA826BFB0A44F9BF.htm"
"Bihl+Wiedemann","ASi-5/ASi-3 EtherCAT Gateway, Safety over EtherCAT (FSoE), with integrated Safety Monitor (BWU3858)","Functional Safety","FSoE MainInstance","No","https://www.ethercat.org/en/products/4F042542FA0645B7A46B04B454CA5AC6.htm"
"Eckelmann","ESLC 89","Functional Safety","FSoE MainInstance","No","https://www.ethercat.org/en/products/DDF391494F084FB1B4CBAB237594357D.htm"
"KEB","C6 Safety PLC","Functional Safety","FSoE MainInstance","No","https://www.ethercat.org/en/products/09582438607041AA84C01F0DBD30D8A1.htm"
"KEBA Industrial Automation","KeDrive D3-DU 3x5 FSoE Controller","Functional Safety","FSoE MainInstance","No","https://www.ethercat.org/en/products/4BE0E48D22F142D89F85424B068C3357.htm"
"Kendrion Kuhnke Automation","Kuhnke FIO Safety PLC","Functional Safety","FSoE MainInstance","Yes","https://www.ethercat.org/en/products/F89B091B5A70465A9917E2C2B03E7420.htm"
"Lenze","c250S Safety controller","Functional Safety","FSoE MainInstance","No","https://www.ethercat.org/en/products/8774810045474E3785412059B55A4B91.htm"
"Murrelektronik","Vario-X Safety PLC","Functional Safety","FSoE MainInstance","No","https://www.ethercat.org/en/products/B426D7110DF94F01A44D7A4BA1076316.htm"
"NUM","NUMSafe PLC CTMP6900","Functional Safety","FSoE MainInstance","No","https://www.ethercat.org/en/products/26770234D2CC432E84025003B982B3D4.htm"
"OMRON","NX Safety Controller","Functional Safety","FSoE MainInstance","No","https://www.ethercat.org/en/products/814E39B582974E12A4603D7B5AA4D3C8.htm"
"KEBA Industrial Automation","KeSafe C5 SCP 501","Functional Safety","FSoE MainInstance","Yes","https://www.ethercat.org/en/products/89C9CC0994AA4F768566D1E6D47F8A27.htm"
"Pilz","Safe small controllers PNOZmulti 2","Functional Safety","FSoE MainInstance","Yes","https://www.ethercat.org/en/products/CD93264AFE4F4C33B69852DF8FCCB58F.htm"
"rt-labs","Safety-over-EtherCAT (FSoE) Master SIL3","Functional Safety","FSoE MainInstance","No","https://www.ethercat.org/en/products/CC7DC0F461234F9097F4656BAD01914B.htm"
"SICK","Flexi Soft","Functional Safety","FSoE MainInstance","Yes","https://www.ethercat.org/en/products/F9782E81564A452FACE7D02E6205B376.htm"
"ACD Antriebstechnik","AC10120A00S00","Functional Safety","FSoE SubInstance","No","https://www.ethercat.org/en/products/2E29EF4D8B134953A3B559BC3FE933BA.htm"
"ACD Antriebstechnik","ACxx325A00S00","Functional Safety","FSoE SubInstance","No","https://www.ethercat.org/en/products/D28396198C354B698E49D8ACEFF0D613.htm"
"ACD Antriebstechnik","SP200-Gateway SP200","Functional Safety","FSoE SubInstance","No","https://www.ethercat.org/en/products/C59F841FF92F4C3F84B57EB2C71EF14F.htm"
"ACD Antriebstechnik","FS-I/O OCP2101","Functional Safety","FSoE SubInstance","Yes","https://www.ethercat.org/en/products/BE7D72369D47453BA8CA2EF79A963418.htm"
"ACD Antriebstechnik","Wireless Safety HMI SM200A00S00","Functional Safety","FSoE SubInstance","No","https://www.ethercat.org/en/products/133842D2D9024D0AB0B193024C3DFE96.htm"
"ACD Antriebstechnik","Wireless Safety HMI SP200A00S00.00","Functional Safety","FSoE SubInstance","No","https://www.ethercat.org/en/products/ACE829076E844CCBA1ED260BA1785C0E.htm"
"AMK","AMKASMART iC - Decentralized servo inverter","Functional Safety","FSoE SubInstance","No","https://www.ethercat.org/en/products/6A92AAA0479141A1A07E1786844F6549.htm"
"AMK","Controller card KW-R07","Functional Safety","FSoE SubInstance","No","https://www.ethercat.org/en/products/EF57A0E0C133488CB5ACF9C35169321E.htm"
"Baumller Nrnberg","Safety I/O-Modules","Functional Safety","FSoE SubInstance","No","https://www.ethercat.org/en/products/1DFA25F5E0504BBA9736991E9AB8F682.htm"
"BECKHOFF Automation","Safe AX8000 Servo Drive","Functional Safety","FSoE SubInstance","No","https://www.ethercat.org/en/products/F16DB30948ED43B8B6ACB0663DF7706B.htm"
"BECKHOFF Automation","TwinSAFE SC Technology","Functional Safety","FSoE SubInstance","Yes","https://www.ethercat.org/en/products/D7E8283289634A5EA3415BB3B5B2A899.htm"
"Bihl+Wiedemann","ASi-5/ASi-3 EtherCAT Gateway, Safety over EtherCAT (FSoE), with integrated Safety Monitor (BWU3858)","Functional Safety","FSoE SubInstance","No","https://www.ethercat.org/en/products/87F68CC99C144BE1A0147B22F79F651F.htm"
"Danfoss Drives","VLT Decentral Servo Drive DSD 520","Functional Safety","FSoE SubInstance","No","https://www.ethercat.org/en/products/4B16773B8F514F7FA9F54FCCA41D29C8.htm"
"Danfoss Drives","VLT Integrated Servo Drive ISD 520","Functional Safety","FSoE SubInstance","No","https://www.ethercat.org/en/products/152B28551F6247B8B23E44EC4F279009.htm"
"EUCHNER","MBM Modular bus module","Functional Safety","FSoE SubInstance","Yes","https://www.ethercat.org/en/products/0CA5A7759032462C93FACDE03757757E.htm"
"Fortress Interlocks","Network-enabled amGardpro interlock","Functional Safety","FSoE SubInstance","Yes","https://www.ethercat.org/en/products/356F7A688C9E44DF915C462FC934B8A6.htm"
"HOKUYO AUTOMATIC","UAM-05LECA-T301","Functional Safety","FSoE SubInstance","Yes","https://www.ethercat.org/en/products/EE7F0B13F4A746A1925132D2F796E792.htm"
"KEB","C6 Safety I/O","Functional Safety","FSoE SubInstance","No","https://www.ethercat.org/en/products/3DE9B32D62374BB086931C03472A48EB.htm"
"KEBA Industrial Automation","KeSafe C5 SDM 570","Functional Safety","FSoE SubInstance","Yes","https://www.ethercat.org/en/products/21731206AEEA472BA8B653EB13BA262C.htm"
"KEBA Industrial Automation","KeDrive D3-DU 3x5 FSoE Slave Controller","Functional Safety","FSoE SubInstance","Yes","https://www.ethercat.org/en/products/90B9C4888E67408D8C43557C88916B99.htm"
"Kendrion Kuhnke Automation","Kuhnke FIO Safety SDI4/SDO2","Functional Safety","FSoE SubInstance","Yes","https://www.ethercat.org/en/products/D80B60CE9D1A4225B37EEB93D95D98BC.htm"
"KOLLMORGEN","AKD2G Servo Drive","Functional Safety","FSoE SubInstance","Yes","https://www.ethercat.org/en/products/A08F3E7AF6B645AE893F0F35A74FD174.htm"
"Kbler","Sendix S58 encoders with FSoE interface","Functional Safety","FSoE SubInstance","Yes","https://www.ethercat.org/en/products/EC4AFD9FF9BB4E339D8218DBC3766768.htm"
"Lenze","c250S Safety bus coupler","Functional Safety","FSoE SubInstance","No","https://www.ethercat.org/en/products/32F1132DB84B459EA1B3B33B4511F72A.htm"
"Lenze","c250S Safety I/Omodule","Functional Safety","FSoE SubInstance","No","https://www.ethercat.org/en/products/8092ACDDD2BF4229B306BE521D5D44CE.htm"
"Lenze","i750","Functional Safety","FSoE SubInstance","Yes","https://www.ethercat.org/en/products/FD52D02BD12445AAA1045739A5BAA27D.htm"
"Lenze","i950 cabinet servo inverter","Functional Safety","FSoE SubInstance","Yes","https://www.ethercat.org/en/products/446F6D9F7B3140F6A6C142B4D83A55C9.htm"
"Mitsubishi Electric","MELSERVO MR-J5-G-N1","Functional Safety","FSoE SubInstance","Yes","https://www.ethercat.org/en/products/EAD8A1F8F02B40C596C20FC7B3E312EA.htm"
"Mitsubishi Electric","MELSERVO MR-JET-G-N1","Functional Safety","FSoE SubInstance","Yes","https://www.ethercat.org/en/products/7FA3DE04CE694E2797494354A8A41F52.htm"
"Murrelektronik","Vario-X Safety I/O","Functional Safety","FSoE SubInstance","No","https://www.ethercat.org/en/products/9F084E4F4FB44DB5AD0611A3EF197234.htm"
"Murrelektronik","Vario-X Safety I/O (STO)","Functional Safety","FSoE SubInstance","No","https://www.ethercat.org/en/products/EDB5AB0E141F4E0AA140834859FE6EA5.htm"
"Novanta","Denali Safe NET","Functional Safety","FSoE SubInstance","No","https://www.ethercat.org/en/products/C749505207974B5CAD5AAA0965ABE365.htm"
"Novanta","Everest S Safe NET","Functional Safety","FSoE SubInstance","No","https://www.ethercat.org/en/products/F0FB8DC54B734F2DA235E9094963EF8A.htm"
"NUM","NUMSafe CTMS1904 (DI), CTMS2904 (DO) ","Functional Safety","FSoE SubInstance","No","https://www.ethercat.org/en/products/E0D04310BC384F16B458E5BE77660FA9.htm"
"OMRON","NX Safety I/O","Functional Safety","FSoE SubInstance","No","https://www.ethercat.org/en/products/37B8DDCAF3DD4B31AA57252A628295F4.htm"
"Parker Hannifin","PSD Parker Servo Drive","Functional Safety","FSoE SubInstance","No","https://www.ethercat.org/en/products/1A666770D8AD4A92ACE7684B134B50D0.htm"
"Pilz","Safe radar sensor PSENradar","Functional Safety","FSoE SubInstance","No","https://www.ethercat.org/en/products/18080F8BA5C0466CA656D825B9F06FCC.htm"
"Pilz","Servo amplifiers PMC SI6 and PMC SC6","Functional Safety","FSoE SubInstance","No","https://www.ethercat.org/en/products/2871193FC7A34DAF8131DF2E4A8F09B9.htm"
"Pizzato Elettrica","Series BP","Functional Safety","FSoE SubInstance","Yes","https://www.ethercat.org/en/products/4B2EB6F079C74E2A900CB61493B08712.htm"
"rt-labs","FSoE Slave Safety","Functional Safety","FSoE SubInstance","No","https://www.ethercat.org/en/products/F95C58023B8E4883B70252088C2D3E07.htm"
"SEW-EURODRIVE","MOVIDRIVE modular","Functional Safety","FSoE SubInstance","No","https://www.ethercat.org/en/products/C9FCDD836F694DAA9AA160299A56EC9C.htm"
"SEW-EURODRIVE","MOVIDRIVE system","Functional Safety","FSoE SubInstance","No","https://www.ethercat.org/en/products/5D0BCD59F1BE43BB915D9AFC09C72810.htm"
"SEW-EURODRIVE","MOVITRAC advanced","Functional Safety","FSoE SubInstance","No","https://www.ethercat.org/en/products/50CF0005F34F429AB81359EF7771BD28.htm"
"SICK","microScan3  EtherCAT","Functional Safety","FSoE SubInstance","Yes","https://www.ethercat.org/en/products/EA429CE7B6A24131A088DAC035A2EF27.htm"
"SMC Group","EX260-FSE1","Functional Safety","FSoE SubInstance","Yes","https://www.ethercat.org/en/products/29796DA7274A4C1EBF3846C728026152.htm"
"STBER ANTRIEBSTECHNIK","SI6 Drive Controllers","Functional Safety","FSoE SubInstance","Yes","https://www.ethercat.org/en/products/E8EDD62E99EC40CE8944FD8FB62722E8.htm"
"TR-Electronic","CD_582+FS ECT","Functional Safety","FSoE SubInstance","Yes","https://www.ethercat.org/en/products/F10555FC0A044FF596A2A8B689B6AB29.htm"
"TR-Electronic","Rotary Multiturn Encoder CD_75M ETC","Functional Safety","FSoE SubInstance","Yes","https://www.ethercat.org/en/products/AEC2101DCB2F4EAF88C778D1FCD3AEE5.htm"
"TWK-ELEKTRONIK","Absolute Multiturn Encoder TRK/S3","Functional Safety","FSoE SubInstance","Yes","https://www.ethercat.org/en/products/8E74BBB5FA304A2898D4C660BFA8F437.htm"
"Weidmller Interface","UR20-4DI-4DO-PN-FSOE-V2","Functional Safety","FSoE SubInstance","No","https://www.ethercat.org/en/products/D86D91655D5E45FA82E979F3DF9AA347.htm"
"Weidmller Interface","UR20-8DI-PN-FSOE-V2","Functional Safety","FSoE SubInstance","No","https://www.ethercat.org/en/products/8557078EF8C0431EB0153F71725AB4EF.htm"
"CODESYS","CODESYS FSoE Master","Functional Safety","Development","No","https://www.ethercat.org/en/products/CC247F44B41E43DAA696BD4A0E762CE2.htm"
"HIMA Paul Hildebrandt","HICore 1 Safe Communications Evaluation Kit","Functional Safety","Development","No","https://www.ethercat.org/en/products/E30E1A28EF8C4E3981EFC8AA370613B4.htm"
"HMS Industrial Networks","FSoE Master Software","Functional Safety","Development","No","https://www.ethercat.org/en/products/2C6EE4D8ADB243BCA8B43EEE14F62A47.htm"
"HMS Industrial Networks","FSoE Slave Software","Functional Safety","Development","No","https://www.ethercat.org/en/products/4F93BCE8C5974E0F80812CA49A59B81D.htm"
"HMS Industrial Networks","FSoE Evaluation Board","Functional Safety","Development","No","https://www.ethercat.org/en/products/C4E5EC8ABE2C4F16BA5DAFE60F5C629F.htm"
"Neuron Automation","FSoE Master/Slave Stack","Functional Safety","Development","No","https://www.ethercat.org/en/products/FF5C13ADBFC8451E9329368EBC195EC5.htm"
"Neuron Automation","SIC400 Modular Hardware & Software Kit","Functional Safety","Development","No","https://www.ethercat.org/en/products/7A22944F0B26446698469A090740557C.htm"
"ISIT","ISIT FSoE protocol Stack Safety over EtherCAT","Functional Safety","Development","No","https://www.ethercat.org/en/products/5E8D23D1D05846DDB868E23C449FB4E9.htm"
"rt-labs","Safety-over-EtherCAT (FSoE) Master","Functional Safety","Development","No","https://www.ethercat.org/en/products/1455FECC4BB645A390E5A63C01BE4C51.htm"
"rt-labs","FSoE Slave","Functional Safety","Development","No","https://www.ethercat.org/en/products/5B93552FDCC44204903FCD7DA408A016.htm"
"TV SD Rail","Embedded Systems and Software Services","Functional Safety","Development","No","https://www.ethercat.org/en/products/9949B159A4AD40D099B7C002A6651547.htm"
"EUCHNER","MBM Modular bus module","EtherCAT P","Device","Yes","https://www.ethercat.org/en/products/0A5A3FC1FD554094A7AF39BC5537895F.htm"
"Gable Technologies","Gable-IMU 600 Series","EtherCAT P","Device","No","https://www.ethercat.org/en/products/7EFC247F2A574B819C50DE95C46FE817.htm"
"Leuze","BCL 338i - Modular Barcode Reader","EtherCAT P","Device","No","https://www.ethercat.org/en/products/571829DDDC3547C384809A9D12EC0ADC.htm"
"Microchip Technology","AE-LAN9252-EtherCATP","EtherCAT P","Device","No","https://www.ethercat.org/en/products/FB4DEDC253384F57A1748E5E48B8F3FF.htm"
"S+S Regeltechnik","HYGRASGARD AFTF EtherCAT P","EtherCAT P","Device","No","https://www.ethercat.org/en/products/591667870CA5447EBB0CA57889BCD5DB.htm"
"S+S Regeltechnik","HYGRASGARD KFTF EtherCAT P","EtherCAT P","Device","No","https://www.ethercat.org/en/products/B733862C43E242AEBEC72B4AAF55CB47.htm"
"S+S Regeltechnik","PREMASGARD 612X EtherCAT P","EtherCAT P","Device","No","https://www.ethercat.org/en/products/E7969A9114CF4FA0BA35A759FF204376.htm"
"S+S Regeltechnik","THERMASGARD ALTM2 EtherCAT P","EtherCAT P","Device","No","https://www.ethercat.org/en/products/26D76420133E4DE7AF7B10458D5E002C.htm"
"S+S Regeltechnik","THERMASGARD ATM2 EtherCAT P","EtherCAT P","Device","No","https://www.ethercat.org/en/products/0D24D2F88FEF4FDBA70960A4443AE19B.htm"
"S+S Regeltechnik","THERMASGARD HFTM EtherCAT P","EtherCAT P","Device","No","https://www.ethercat.org/en/products/BB71953BCC51436CA2FD41BFFF02160B.htm"
"S+S Regeltechnik","THERMASGARD MWTM EtherCAT P","EtherCAT P","Device","No","https://www.ethercat.org/en/products/4CAD3C4351AC412382D2E337B6112E5A.htm"
"S+S Regeltechnik","THERMASGARD TM65 EtherCAT P","EtherCAT P","Device","No","https://www.ethercat.org/en/products/45D0291349BD4BFCBBA2BC2BE5D9B2CE.htm"
"TR-Electronic","Absolute Rotary Encoder CEV58M-ETC P","EtherCAT P","Device","No","https://www.ethercat.org/en/products/70F611B7FBD543638FFCD2056FE6FBC0.htm"
"BECKHOFF Automation","EtherCAT P piggyback controller board FB1311","EtherCAT P","Device","No","https://www.ethercat.org/en/products/25D41F0371174959B15C8A5731BDF861.htm"
"BECKHOFF Automation","EtherCAT P Extension system and junctions EK13xx","EtherCAT P","Infrastructure Component","No","https://www.ethercat.org/en/products/80A6E300BB9A45E493F954A4F7776DA0.htm"
"CONEC Elektronische Bauelemente","M8x1 Series EtherCAT P & Hybrid Connectors","EtherCAT P","Infrastructure Component","No","https://www.ethercat.org/en/products/308A7C6006AF4DFF97561AC15A0D3CB0.htm"
"ESCHA","EtherCAT P Connectors","EtherCAT P","Infrastructure Component","No","https://www.ethercat.org/en/products/CD96326E40544AA1A20FC84B7CFDCEEF.htm"
"HARTING","HARTING M8 P-Coded Products","EtherCAT P","Infrastructure Component","No","https://www.ethercat.org/en/products/EF08C2F6E68348729037568C170EDB04.htm"
"Weidmller Interface","Dragline Cable, M8 P-code","EtherCAT P","Infrastructure Component","No","https://www.ethercat.org/en/products/D205F79742D44CD7B1BDD1B757F39B81.htm"
"BECKHOFF Automation","Online | EtherCAT Training: EtherCAT Technology Basics","Training and Services","Training","No","https://www.ethercat.org/en/products/5B44AECB6D374E6F86BBD813367B3DDC.htm"
"BECKHOFF Automation","Online | EtherCAT Training: EtherCAT Evaluation Kit und Slave Stack Code","Training and Services","Training","No","https://www.ethercat.org/en/products/DF34FB5D345F43C9965F6C2FFC48999E.htm"
"BECKHOFF Automation","Online | EtherCAT Training: EtherCAT Configurator and Master","Training and Services","Training","No","https://www.ethercat.org/en/products/733AC45F2A2A437494C2D3CC9820098E.htm"
"BECKHOFF Automation","Online | EtherCAT Training: Master Sample Code","Training and Services","Training","No","https://www.ethercat.org/en/products/1C05A195216446AA83D6151344758889.htm"
"esd electronics","EtherCAT Training & Workshops","Training and Services","Training","No","https://www.ethercat.org/en/products/E204C01439EA46E38213EBF597D07FE9.htm"
"ISIT","EtherCAT Consulting & Training","Training and Services","Training","No","https://www.ethercat.org/en/products/A07724FE37BC4EA6B13CBDAE961091FD.htm"
"MicroControl","EtherCAT intensive workshop","Training and Services","Training","No","https://www.ethercat.org/en/products/D41920BAC8C9461C9DDAF4EB3FAE30F1.htm"
"SYBERA","EtherCAT Training","Training and Services","Training","No","https://www.ethercat.org/en/products/37B6DBDE296C4F01B9BFDFC1021F8132.htm"
"acontis technologies","Real-time networking (EtherCAT) Development Services","Training and Services","Development Service","No","https://www.ethercat.org/en/products/2F339092CB744298A63BE812A78E383D.htm"
"Agile Planet","Motion and IO Master Development Services","Training and Services","Development Service","No","https://www.ethercat.org/en/products/7E9477DEAFD54EEDAC8F0062D660346F.htm"
"Aoyama Special Steel","Slave Development Services","Training and Services","Development Service","No","https://www.ethercat.org/en/products/7231A8DD6D07490AB6892536A57E8CB7.htm"
"ARKUS","Slave Development Services","Training and Services","Development Service","No","https://www.ethercat.org/en/products/A4FD4CBA6A344FE4ACB12AF2CC15686F.htm"
"BCE-Elektronik","EtherCAT Development Services","Training and Services","Development Service","No","https://www.ethercat.org/en/products/789FD168E4ED4E2ABCA46F6D8A74C5F3.htm"
"BE.services","Software development services on EtherCAT Slave","Training and Services","Development Service","No","https://www.ethercat.org/en/products/4D20D3B0DEEA4D20A50FAED389C1B0B9.htm"
"Beihang University","Development and Consultation Services","Training and Services","Development Service","No","https://www.ethercat.org/en/products/F13671838E15452FB99E007E730E4E35.htm"
"dresden elektronik ingenieurtechnik","EtherCAT Development and Production Services","Training and Services","Development Service","No","https://www.ethercat.org/en/products/E73EB0038AD242ABB72445E7DD46F177.htm"
"Eckelmann","Development Services","Training and Services","Development Service","No","https://www.ethercat.org/en/products/C4F327022E734AAEAADF358D848B1636.htm"
"esd electronics","EtherCAT Development Services","Training and Services","Development Service","No","https://www.ethercat.org/en/products/00C3A12E74644FB68C282520F6E84070.htm"
"Free Station","Master Development Services","Training and Services","Development Service","No","https://www.ethercat.org/en/products/A4A7B5AF38964C048410B9A7D2792584.htm"
"H4","Electronics & Firmware Development Services","Training and Services","Development Service","No","https://www.ethercat.org/en/products/41DE60D88D3E4046A1118504FAE15AD2.htm"
"HIROCON","Slave Development Services","Training and Services","Development Service","No","https://www.ethercat.org/en/products/850DF7251C58414ABEF1575EF6109F76.htm"
"IBV - Echtzeit- und Embedded","EtherCAT Development Services","Training and Services","Development Service","No","https://www.ethercat.org/en/products/708AFFD377C2427DAB68745992085EED.htm"
"Inter Factory Partners (IFP)","Development Service (Master, Slave, FSoE)","Training and Services","Development Service","No","https://www.ethercat.org/en/products/C5A8C18EC42E4009B2CEF29F91F4D4F1.htm"
"ITK Engineering","EtherCAT development services for advanced robotics","Training and Services","Development Service","No","https://www.ethercat.org/en/products/9D0FA8644C13410594568197A8FA1EB7.htm"
"Kithara Software","EtherCAT Development Service","Training and Services","Development Service","No","https://www.ethercat.org/en/products/F52FD1F1BFEC4A65AD3FC1D54774EF3D.htm"
"koenig-pa","Hard- and Software Development for EtherCAT Master and Slaves","Training and Services","Development Service","No","https://www.ethercat.org/en/products/5E4FDCF4862545C588D35D2560E8811F.htm"
"koenig-pa","KPA Motion Control","Training and Services","Development Service","No","https://www.ethercat.org/en/products/CC6BFFF14779421893EE450A141FEA4A.htm"
"NetTechnix","EtherCAT Development and Consulting Services","Training and Services","Development Service","No","https://www.ethercat.org/en/products/6675011F3DFF4C828A353536BEA00B94.htm"
"Nuvation Research","EtherCAT Services","Training and Services","Development Service","No","https://www.ethercat.org/en/products/F17E74AD367F41F6AC3CA67B8B8A2F4C.htm"
"OKI IDS","Master + Slave Development Services","Training and Services","Development Service","No","https://www.ethercat.org/en/products/CDA23E941DB04927AB514226A5102575.htm"
"port","EtherCAT Development Services","Training and Services","Development Service","No","https://www.ethercat.org/en/products/9639107E6BA3466899A877DD546B060C.htm"
"Room3327","EtherCAT Development Services","Training and Services","Development Service","No","https://www.ethercat.org/en/products/FAA0C6742BA8466591999622A1EE03DD.htm"
"SERAD France","Slave hardware & software development","Training and Services","Development Service","No","https://www.ethercat.org/en/products/E8C73EFC818B4BA4B023C73EF8CA56A9.htm"
"Softing Industrial Automation","EtherCAT Design Service for FPGA","Training and Services","Development Service","No","https://www.ethercat.org/en/products/9A0F42C65FA144A2AC1477A403BBA63E.htm"
"Takasaki Kyoudou Computing Center","Master + Slave Development Services","Training and Services","Development Service","No","https://www.ethercat.org/en/products/F68D5D1D193D4EDA9F920DFF830B102B.htm"
"Tata Consultancy Services","Master + Slave Development Services","Training and Services","Development Service","No","https://www.ethercat.org/en/products/109C0B36356D4E1B954B087A4B2FE32F.htm"
"TIGRIS Elektronik","EtherCAT Hard- and Software Development Service","Training and Services","Development Service","No","https://www.ethercat.org/en/products/522301081C694231B9595AFBD41B9DB8.htm"
"TV SD Rail","Embedded Systems and Software Services","Training and Services","Development Service","No","https://www.ethercat.org/en/products/DFBD9673A50343D19932A6F8FD5E055F.htm"
"Wellbean","Master Development Services","Training and Services","Development Service","No","https://www.ethercat.org/en/products/0D244519A4C94723AA25E880A349311E.htm"
"Wins","Master + Slave Development Services","Training and Services","Development Service","No","https://www.ethercat.org/en/products/BEE16BD0D474415CB68C86F846D638CD.htm"
"HARTING","Fast Ethernet Mediaconverter eCon3011","Components","Media Converters","No","https://www.ethercat.org/en/products/19E3FE18346845DB93CAC24454FE198F.htm"
"ICP DAS","ECAT-2000 Media Converter Modules","Components","Media Converters","No","https://www.ethercat.org/en/products/5B4A529EC5A7427CAA3A252EA670E5CA.htm"
"Leuze","DDLS 538  Optical data transmission","Components","Media Converters","No","https://www.ethercat.org/en/products/6C0BD45D995F438A93DD5D81FDF0CE7C.htm"
"Moxa","IMC-21GA Series","Components","Media Converters","No","https://www.ethercat.org/en/products/50A7F027B3D04F188E2CC7D9EC4E866B.htm"
"Moxa","IMC-21A Series","Components","Media Converters","No","https://www.ethercat.org/en/products/2CDAAB2828BB4C1DBA527FAED5B3C13A.htm"
"Pepperl+Fuchs","Optical data coupler LS682-DA-EN","Components","Media Converters","No","https://www.ethercat.org/en/products/973AADFD598442D8AEBC6DAD799793CE.htm"
"Amphenol Canada","Cat5e (1 - 2.5 Gbps) Ganged Modular Jacks","Components","Cables and Connectors","No","https://www.ethercat.org/en/products/62B82805FEB84B09A01AB5E5EBEB02B1.htm"
"Amphenol Canada","Cat5e (1 - 2.5 Gbps) SMT Modular Jacks","Components","Cables and Connectors","No","https://www.ethercat.org/en/products/CA2B773B72CD44D5B096877E1088C2D7.htm"
"Amphenol Canada","Cat6A Industrial RJ Plug","Components","Cables and Connectors","No","https://www.ethercat.org/en/products/2F72166186FC4B6695B460C645AB650E.htm"
"Amphenol Canada","IP67 Industrial Push Pull RJ45 Plug","Components","Cables and Connectors","No","https://www.ethercat.org/en/products/9195A38A65C24CAE9B66B5985F792489.htm"
"Amphenol Canada","Low Profile Cat6A receptacles","Components","Cables and Connectors","No","https://www.ethercat.org/en/products/C43ACCC1694C4A6AA95D06639EDDF3C1.htm"
"Amphenol Japan","Amphenol M12 D Code, Shielded Connector, Field Installable","Components","Cables and Connectors","No","https://www.ethercat.org/en/products/8F68C0EAA806410DA585F5EB852813FA.htm"
"Balluff","Industrial Ethernet Connectivity","Components","Cables and Connectors","No","https://www.ethercat.org/en/products/154BE71161084BD19A2092D2664B3C9B.htm"
"BECKHOFF Automation","Accessories, EtherCAT and EtherCAT P Hybrid Cables, Hybrid Connectors, One Cable Automation (OCA)","Components","Cables and Connectors","No","https://www.ethercat.org/en/products/58870816A0D8423C9DE55B7A7F7AF62D.htm"
"BECKHOFF Automation","Accessories, Pre-Assembled EtherCAT and EtherCAT P Cables, Connectors","Components","Cables and Connectors","No","https://www.ethercat.org/en/products/C451F4901D2F4931B81215F99415FC43.htm"
"Ching Tai Electric Wire & Cable","Industrial Ethernet Assembly","Components","Cables and Connectors","No","https://www.ethercat.org/en/products/4D0538D88F8846D89155D21CF8A7372D.htm"
"Ching Tai Electric Wire & Cable","Industrial Ethernet Cable","Components","Cables and Connectors","No","https://www.ethercat.org/en/products/8084426E674C4B53B7D85B202DA9B184.htm"
"CONEC Elektronische Bauelemente","EtherCAT M8 Connectors, Cables, and Distribution Boxes","Components","Cables and Connectors","No","https://www.ethercat.org/en/products/C186DF2D765F43F5BFF9C5E6CDFE3120.htm"
"ESCHA","Cordsets and connectors","Components","Cables and Connectors","No","https://www.ethercat.org/en/products/11D8C46908A849DE824DCA6165C9D0A9.htm"
"esd electronics","ECX-ETH-Selector","Components","Cables and Connectors","No","https://www.ethercat.org/en/products/57E5FB21C3F0471F84AB3B5335BCDC8B.htm"
"esd electronics","ECX-Master-Selector","Components","Cables and Connectors","No","https://www.ethercat.org/en/products/B5A78201DD2945A69C3DFEBCDB3F8E8F.htm"
"EVERBIZ INDUSTRIAL","Wire harness, cable assembly and patch cord","Components","Cables and Connectors","No","https://www.ethercat.org/en/products/E858517FE4B24D1080DC60C8CCA5B9E6.htm"
"Meridian Laboratory","ROTOCON Slip Rings & Rotary Electrical Connectors","Components","Cables and Connectors","No","https://www.ethercat.org/en/products/D21120FB772348CF8DC6236A1C4C0DF8.htm"
"Moog GAT","Slip Ring ROTOCAP","Components","Cables and Connectors","No","https://www.ethercat.org/en/products/0A0BD7B3F0A54FE0B9891F893BD905A6.htm"
"Moog GAT","Slip Ring ROTOFLUX","Components","Cables and Connectors","No","https://www.ethercat.org/en/products/EED41B876D78459E99D6263E10B8AA36.htm"
"HARTING","HARTING Ha-VIS preLink","Components","Cables and Connectors","No","https://www.ethercat.org/en/products/E0AA1ABBBBDC45BBBC5FE315D6D83730.htm"
"HARTING","HARTING M12-L shielded male 4-pole D-coded","Components","Cables and Connectors","No","https://www.ethercat.org/en/products/296F94148BB14B8FB3E1063E94585A42.htm"
"HARTING","HARTING RJ 45 system cable","Components","Cables and Connectors","No","https://www.ethercat.org/en/products/892866C7D83F48D1849775C400C313E8.htm"
"HARTING","HARTING RJ Industrial / HARTING RJ Industrial 10G RJ45 Connectors","Components","Cables and Connectors","No","https://www.ethercat.org/en/products/6C3FAB2D5BFF4817B21E726A4F768B69.htm"
"HARTING","HARTING system cable M12 D-coded","Components","Cables and Connectors","No","https://www.ethercat.org/en/products/DE86C22E310B44C8853ABBECB2981CE1.htm"
"HARTING","RJI DIN rail outlet","Components","Cables and Connectors","No","https://www.ethercat.org/en/products/A8362DBCEFD14AFF85D2852E1939E390.htm"
"HELUKABEL","EtherCAT Ethernet Cables and Connectors","Components","Cables and Connectors","No","https://www.ethercat.org/en/products/BF709670701C4278AF1CE53D9C29E5E5.htm"
"LTN Servotechnik","SC100","Components","Cables and Connectors","No","https://www.ethercat.org/en/products/74595322DF0F477EAD273BB22D7679A9.htm"
"Murrelektronik","Ethernet and EtherCAT Cables and Connectors","Components","Cables and Connectors","No","https://www.ethercat.org/en/products/ECC4E5B32094489B90D82B1FAE7D3661.htm"
"Nippon Seisen Cable","Double shielded LAN assemblies and shielded RJ45","Components","Cables and Connectors","No","https://www.ethercat.org/en/products/7ED3FAF72A02418F9831FD5183FCBF97.htm"
"NorComp","M12 Connector","Components","Cables and Connectors","No","https://www.ethercat.org/en/products/A74C4770318E481D8C000EC081CC76D6.htm"
"OKANO CABLE","Industrial Ethernet cable with RJ45 connector ","Components","Cables and Connectors","No","https://www.ethercat.org/en/products/10970AD439D84DD3B79A05343DCA0D76.htm"
"Oki Electric Cable","OMNET-C5e Series","Components","Cables and Connectors","No","https://www.ethercat.org/en/products/675B2A400C7845A88CD955B1C6DAAF4A.htm"
"Phoenix Contact","Accessories, Terminal Outlets and Tool Sets","Components","Cables and Connectors","No","https://www.ethercat.org/en/products/470722E680A34442B58B2A1486683D1E.htm"
"Phoenix Contact","Cables (Electric, Fibre Optics)","Components","Cables and Connectors","No","https://www.ethercat.org/en/products/0AE212AA3D8745BEABFACBDD80477720.htm"
"Phoenix Contact","Connectors (RJ45, Fibre Optics)","Components","Cables and Connectors","No","https://www.ethercat.org/en/products/1A66BD82F1CA4DEA9AF711EB3610B52E.htm"
"Phoenix Contact","Socket Inserts (RJ45, Fibre Optics)","Components","Cables and Connectors","No","https://www.ethercat.org/en/products/E03E7497F39F4DA881098AF8F4F21241.htm"
"Rosenberger OSI","Copper Cables and Cable Assemblies","Components","Cables and Connectors","No","https://www.ethercat.org/en/products/4CF0A9B27B0C47C4BAAF5E43DEC1F30C.htm"
"Rosenberger OSI","Fiber Optics","Components","Cables and Connectors","No","https://www.ethercat.org/en/products/473BFC8FA3FC4C7EB4D8E696D5A8982D.htm"
"Rosenberger OSI","SiteLink RFE for IP67","Components","Cables and Connectors","No","https://www.ethercat.org/en/products/B1084C2B8E9946E4B5C931DE03D153A5.htm"
"SAB Brckskes","EtherCAT Industrial Cables and Connectors","Components","Cables and Connectors","No","https://www.ethercat.org/en/products/C292C17F8D09437187A5B1C677C0CD23.htm"
"Schleifring und Apparatebau","GigaPLUG","Components","Cables and Connectors","No","https://www.ethercat.org/en/products/E2E91F246EE842759D8471AD0A27D628.htm"
"Schleifring und Apparatebau","MIA - Modular Industrial Application","Components","Cables and Connectors","No","https://www.ethercat.org/en/products/161594DB751A4DD9B6C26ECA933EA1B7.htm"
"Sumitomo 3M","3M Industrial Ethernet cable assembly 4pos 3RH4-1110-xxxM","Components","Cables and Connectors","No","https://www.ethercat.org/en/products/1C09875E0D6A4C5C8654E00E66378E6B.htm"
"TE Connectivity Germany","Industrial RJ45 Connectors","Components","Cables and Connectors","No","https://www.ethercat.org/en/products/19B61B4346344BBD8F6E045B80C523AD.htm"
"TE Connectivity Germany","M8/M12 Connector System","Components","Cables and Connectors","No","https://www.ethercat.org/en/products/0D5DDDC2825C4824924978A86767A9A8.htm"
"TE.CO. Tecnologia Commerciale","Special Cables for Industrial Automation","Components","Cables and Connectors","No","https://www.ethercat.org/en/products/1ADCC7D8FE4749949F4E4C75CA4E5B61.htm"
"WAGO","RJ-45 Connector, IP20","Components","Cables and Connectors","No","https://www.ethercat.org/en/products/E2E5F8FC124B4B20BA45656BE03E00DD.htm"
"Weidmller Interface","Connectors M12, d-coded","Components","Cables and Connectors","No","https://www.ethercat.org/en/products/8D93288F817B483AA640E969491AB0B5.htm"
"Weidmller Interface","IE-LINE connectors with Steadytec technology","Components","Cables and Connectors","No","https://www.ethercat.org/en/products/9F9B2E597D00457A9DEEC857C7C5E721.htm"
"Weidmller Interface","Terminal rail outlets","Components","Cables and Connectors","No","https://www.ethercat.org/en/products/1A6B4D43531E4701B180B16E8A94AACE.htm"
"esd electronics","ECX-Master-Selector","Components","Switches","No","https://www.ethercat.org/en/products/9CD56AFDCB73471C972B0B658CCC628E.htm"
"HARTING","Industrial Ethernet Switches  unmanaged/managed","Components","Switches","No","https://www.ethercat.org/en/products/3651E6B60E8C4677AA25D34208274729.htm"
"Moxa","EDR-G903 Firewall/NAT/VPN Secure Router","Components","Switches","No","https://www.ethercat.org/en/products/8FF7A3571D594121A9EF4E37092FC594.htm"
"PROCENTEC","Atlas","Components","Switches","No","https://www.ethercat.org/en/products/FFD8C0B18E764546AAD66E43BFE42E55.htm"
"PROCENTEC","Atlas2 Plus","Components","Switches","No","https://www.ethercat.org/en/products/793039684A724B31A35C9FC6E863EDBB.htm"
